/*!40101 SET @OLD_CHARACTER_SET_CLIENT=@@CHARACTER_SET_CLIENT */;
/*!40101 SET @OLD_CHARACTER_SET_RESULTS=@@CHARACTER_SET_RESULTS */;
/*!40101 SET @OLD_COLLATION_CONNECTION=@@COLLATION_CONNECTION */;
/*!40101 SET NAMES utf8mb4 */;
/*!40014 SET @OLD_UNIQUE_CHECKS=@@UNIQUE_CHECKS, UNIQUE_CHECKS=0 */;
/*!40014 SET @OLD_FOREIGN_KEY_CHECKS=@@FOREIGN_KEY_CHECKS, FOREIGN_KEY_CHECKS=0 */;
/*!40101 SET @OLD_SQL_MODE=@@SQL_MODE, SQL_MODE='NO_AUTO_VALUE_ON_ZERO' */;
/*!40111 SET @OLD_SQL_NOTES=@@SQL_NOTES, SQL_NOTES=0 */;

DROP TABLE IF EXISTS `comments`;
CREATE TABLE `comments` (
  `id` bigint unsigned NOT NULL AUTO_INCREMENT,
  `user_id` bigint unsigned NOT NULL,
  `post_id` bigint unsigned NOT NULL,
  `comment` text COLLATE utf8mb4_unicode_ci NOT NULL,
  `created_at` timestamp NULL DEFAULT NULL,
  `updated_at` timestamp NULL DEFAULT NULL,
  PRIMARY KEY (`id`),
  KEY `comments_user_id_foreign` (`user_id`),
  KEY `comments_post_id_foreign` (`post_id`),
  CONSTRAINT `comments_post_id_foreign` FOREIGN KEY (`post_id`) REFERENCES `posts` (`id`) ON DELETE CASCADE,
  CONSTRAINT `comments_user_id_foreign` FOREIGN KEY (`user_id`) REFERENCES `users` (`id`) ON DELETE CASCADE
) ENGINE=InnoDB AUTO_INCREMENT=183 DEFAULT CHARSET=utf8mb4 COLLATE=utf8mb4_unicode_ci;

DROP TABLE IF EXISTS `failed_jobs`;
CREATE TABLE `failed_jobs` (
  `id` bigint unsigned NOT NULL AUTO_INCREMENT,
  `uuid` varchar(255) COLLATE utf8mb4_unicode_ci NOT NULL,
  `connection` text COLLATE utf8mb4_unicode_ci NOT NULL,
  `queue` text COLLATE utf8mb4_unicode_ci NOT NULL,
  `payload` longtext COLLATE utf8mb4_unicode_ci NOT NULL,
  `exception` longtext COLLATE utf8mb4_unicode_ci NOT NULL,
  `failed_at` timestamp NOT NULL DEFAULT CURRENT_TIMESTAMP,
  PRIMARY KEY (`id`),
  UNIQUE KEY `failed_jobs_uuid_unique` (`uuid`)
) ENGINE=InnoDB DEFAULT CHARSET=utf8mb4 COLLATE=utf8mb4_unicode_ci;

DROP TABLE IF EXISTS `jobs`;
CREATE TABLE `jobs` (
  `id` bigint unsigned NOT NULL AUTO_INCREMENT,
  `queue` varchar(255) COLLATE utf8mb4_unicode_ci NOT NULL,
  `payload` longtext COLLATE utf8mb4_unicode_ci NOT NULL,
  `attempts` tinyint unsigned NOT NULL,
  `reserved_at` int unsigned DEFAULT NULL,
  `available_at` int unsigned NOT NULL,
  `created_at` int unsigned NOT NULL,
  PRIMARY KEY (`id`),
  KEY `jobs_queue_index` (`queue`)
) ENGINE=InnoDB AUTO_INCREMENT=2 DEFAULT CHARSET=utf8mb4 COLLATE=utf8mb4_unicode_ci;

DROP TABLE IF EXISTS `migrations`;
CREATE TABLE `migrations` (
  `id` int unsigned NOT NULL AUTO_INCREMENT,
  `migration` varchar(255) COLLATE utf8mb4_unicode_ci NOT NULL,
  `batch` int NOT NULL,
  PRIMARY KEY (`id`)
) ENGINE=InnoDB AUTO_INCREMENT=12 DEFAULT CHARSET=utf8mb4 COLLATE=utf8mb4_unicode_ci;

DROP TABLE IF EXISTS `password_reset_tokens`;
CREATE TABLE `password_reset_tokens` (
  `email` varchar(255) COLLATE utf8mb4_unicode_ci NOT NULL,
  `token` varchar(255) COLLATE utf8mb4_unicode_ci NOT NULL,
  `created_at` timestamp NULL DEFAULT NULL,
  PRIMARY KEY (`email`)
) ENGINE=InnoDB DEFAULT CHARSET=utf8mb4 COLLATE=utf8mb4_unicode_ci;

DROP TABLE IF EXISTS `personal_access_tokens`;
CREATE TABLE `personal_access_tokens` (
  `id` bigint unsigned NOT NULL AUTO_INCREMENT,
  `tokenable_type` varchar(255) COLLATE utf8mb4_unicode_ci NOT NULL,
  `tokenable_id` bigint unsigned NOT NULL,
  `name` varchar(255) COLLATE utf8mb4_unicode_ci NOT NULL,
  `token` varchar(64) COLLATE utf8mb4_unicode_ci NOT NULL,
  `abilities` text COLLATE utf8mb4_unicode_ci,
  `last_used_at` timestamp NULL DEFAULT NULL,
  `expires_at` timestamp NULL DEFAULT NULL,
  `created_at` timestamp NULL DEFAULT NULL,
  `updated_at` timestamp NULL DEFAULT NULL,
  PRIMARY KEY (`id`),
  UNIQUE KEY `personal_access_tokens_token_unique` (`token`),
  KEY `personal_access_tokens_tokenable_type_tokenable_id_index` (`tokenable_type`,`tokenable_id`)
) ENGINE=InnoDB DEFAULT CHARSET=utf8mb4 COLLATE=utf8mb4_unicode_ci;

DROP TABLE IF EXISTS `posts`;
CREATE TABLE `posts` (
  `id` bigint unsigned NOT NULL AUTO_INCREMENT,
  `title` varchar(255) COLLATE utf8mb4_unicode_ci NOT NULL,
  `slug` varchar(255) COLLATE utf8mb4_unicode_ci NOT NULL,
  `photo` varchar(255) COLLATE utf8mb4_unicode_ci DEFAULT NULL,
  `user_id` bigint unsigned NOT NULL,
  `content` text COLLATE utf8mb4_unicode_ci NOT NULL,
  `created_at` timestamp NULL DEFAULT NULL,
  `updated_at` timestamp NULL DEFAULT NULL,
  PRIMARY KEY (`id`),
  KEY `posts_user_id_foreign` (`user_id`),
  CONSTRAINT `posts_user_id_foreign` FOREIGN KEY (`user_id`) REFERENCES `users` (`id`) ON DELETE CASCADE
) ENGINE=InnoDB AUTO_INCREMENT=101 DEFAULT CHARSET=utf8mb4 COLLATE=utf8mb4_unicode_ci;

DROP TABLE IF EXISTS `replies`;
CREATE TABLE `replies` (
  `id` bigint unsigned NOT NULL AUTO_INCREMENT,
  `user_id` bigint unsigned NOT NULL,
  `post_id` bigint unsigned NOT NULL,
  `comment_id` bigint unsigned NOT NULL,
  `reply` text COLLATE utf8mb4_unicode_ci NOT NULL,
  `created_at` timestamp NULL DEFAULT NULL,
  `updated_at` timestamp NULL DEFAULT NULL,
  PRIMARY KEY (`id`),
  KEY `replies_user_id_foreign` (`user_id`),
  KEY `replies_post_id_foreign` (`post_id`),
  KEY `replies_comment_id_foreign` (`comment_id`),
  CONSTRAINT `replies_comment_id_foreign` FOREIGN KEY (`comment_id`) REFERENCES `comments` (`id`) ON DELETE CASCADE,
  CONSTRAINT `replies_post_id_foreign` FOREIGN KEY (`post_id`) REFERENCES `posts` (`id`) ON DELETE CASCADE,
  CONSTRAINT `replies_user_id_foreign` FOREIGN KEY (`user_id`) REFERENCES `users` (`id`) ON DELETE CASCADE
) ENGINE=InnoDB AUTO_INCREMENT=263 DEFAULT CHARSET=utf8mb4 COLLATE=utf8mb4_unicode_ci;

DROP TABLE IF EXISTS `users`;
CREATE TABLE `users` (
  `id` bigint unsigned NOT NULL AUTO_INCREMENT,
  `firstName` varchar(255) COLLATE utf8mb4_unicode_ci NOT NULL,
  `lastName` varchar(255) COLLATE utf8mb4_unicode_ci NOT NULL,
  `is_admin` tinyint(1) NOT NULL,
  `email` varchar(255) COLLATE utf8mb4_unicode_ci NOT NULL,
  `email_verified_at` timestamp NULL DEFAULT NULL,
  `password` varchar(255) COLLATE utf8mb4_unicode_ci NOT NULL,
  `photo` varchar(255) COLLATE utf8mb4_unicode_ci NOT NULL,
  `remember_token` varchar(100) COLLATE utf8mb4_unicode_ci DEFAULT NULL,
  `created_at` timestamp NULL DEFAULT NULL,
  `updated_at` timestamp NULL DEFAULT NULL,
  PRIMARY KEY (`id`),
  UNIQUE KEY `users_email_unique` (`email`)
) ENGINE=InnoDB AUTO_INCREMENT=101 DEFAULT CHARSET=utf8mb4 COLLATE=utf8mb4_unicode_ci;

INSERT INTO `comments` (`id`, `user_id`, `post_id`, `comment`, `created_at`, `updated_at`) VALUES
(1, 19, 45, 'Facilis error odio et repellat. Non ex tempora iure odio et facere voluptatem.', '2023-10-19 13:27:11', '2023-10-19 13:27:11');
INSERT INTO `comments` (`id`, `user_id`, `post_id`, `comment`, `created_at`, `updated_at`) VALUES
(2, 51, 80, 'Fugiat molestiae harum non magnam. Maiores beatae cupiditate at aliquam nisi pariatur omnis tempora. Aut suscipit eos sed aperiam eligendi quos et fugit. Est numquam mollitia omnis ab eos ut excepturi.', '2023-10-19 13:27:11', '2023-10-19 13:27:11');
INSERT INTO `comments` (`id`, `user_id`, `post_id`, `comment`, `created_at`, `updated_at`) VALUES
(4, 15, 79, 'Aut ratione quo autem nesciunt. Vitae et laboriosam fugiat impedit eveniet a. Necessitatibus est tenetur eos qui doloremque.', '2023-10-19 13:27:11', '2023-10-19 13:27:11');
INSERT INTO `comments` (`id`, `user_id`, `post_id`, `comment`, `created_at`, `updated_at`) VALUES
(5, 11, 44, 'Dolor voluptatem omnis omnis dolor ullam facere doloribus. Hic et soluta eos voluptatibus. Vero eaque adipisci reiciendis rem natus perspiciatis. Et sunt qui sequi vero repellendus consectetur.', '2023-10-19 13:27:11', '2023-10-19 13:27:11'),
(6, 99, 81, 'Aut consequatur occaecati impedit est dignissimos. Harum accusantium doloribus dolorem expedita est quisquam quia. Natus ipsam soluta dolores reprehenderit sequi soluta odit odio. Quisquam dolorem itaque vel corporis.', '2023-10-19 13:27:11', '2023-10-19 13:27:11'),
(7, 15, 32, 'Rerum soluta sed eius perspiciatis quisquam ab velit. Iusto corrupti mollitia iste quidem expedita. Sit similique molestiae sunt earum repellendus. Eligendi error voluptas tempora voluptates.', '2023-10-19 13:27:11', '2023-10-19 13:27:11'),
(8, 83, 85, 'Ea deserunt cum voluptatem sit voluptatem voluptatem sed. Qui reiciendis magnam est quis magni enim.', '2023-10-19 13:27:11', '2023-10-19 13:27:11'),
(9, 33, 66, 'Dolorem aut similique omnis esse. Nam qui et ullam velit doloribus veniam neque. Distinctio et consequuntur distinctio harum voluptatum sunt tempora exercitationem.', '2023-10-19 13:27:11', '2023-10-19 13:27:11'),
(10, 76, 34, 'Doloremque voluptas est soluta blanditiis temporibus. Fuga expedita ab enim sed. Accusamus sed commodi alias molestiae non velit. Alias provident voluptate mollitia quia magnam nobis eaque.', '2023-10-19 13:27:11', '2023-10-19 13:27:11'),
(11, 1, 89, 'Incidunt sunt est consectetur voluptate illum. Porro numquam possimus voluptate beatae quibusdam. Delectus aliquam voluptates et aut non inventore aut. Aliquid iure minima soluta voluptatem ex optio.', '2023-10-19 13:27:11', '2023-10-19 13:27:11'),
(12, 17, 63, 'Laboriosam quo reiciendis nesciunt deleniti dicta. Excepturi enim nemo delectus vero natus perferendis ut. Sed officiis aut illo minus sit doloremque et. Eos excepturi aliquid debitis harum. Et repellendus in error voluptate voluptatem.', '2023-10-19 13:27:11', '2023-10-19 13:27:11'),
(13, 37, 87, 'Fugiat qui dolor ab magnam optio sit numquam. Eaque modi facilis dolore quod aliquam. Possimus autem facilis molestiae veritatis.', '2023-10-19 13:27:11', '2023-10-19 13:27:11'),
(14, 30, 14, 'Ullam molestiae magnam ipsum. Dolor neque itaque aut cupiditate. Totam alias harum et dolor quisquam velit eius. Est ullam eos ipsam iusto autem asperiores explicabo. Sit ratione ipsa id minus ipsam sed neque.', '2023-10-19 13:27:11', '2023-10-19 13:27:11'),
(15, 31, 45, 'Rerum eum autem quia laudantium. Pariatur modi aut similique explicabo ipsa reprehenderit commodi. Pariatur sint ut officia minus aut.', '2023-10-19 13:27:11', '2023-10-19 13:27:11'),
(16, 63, 79, 'Placeat totam voluptatum et. Esse atque id beatae sit.', '2023-10-19 13:27:11', '2023-10-19 13:27:11'),
(17, 68, 12, 'Deleniti quaerat id iste molestiae illo nesciunt ea. Dicta dignissimos ea ea cumque nam asperiores. Qui quod corporis omnis dolore ut at quis. Ad ut quis voluptatem illo voluptatum delectus et.', '2023-10-19 13:27:11', '2023-10-19 13:27:11'),
(18, 11, 48, 'Nemo labore quaerat hic odit dolorem. Dolor labore officiis culpa repellat quia in. Sunt sunt rerum iste ducimus ab magnam. Culpa facilis perferendis nulla nihil quo sed dicta.', '2023-10-19 13:27:11', '2023-10-19 13:27:11'),
(19, 15, 53, 'Nemo perferendis culpa doloremque soluta harum officiis voluptas unde. Consequatur commodi repellat et et tenetur delectus. Consectetur aut fugiat numquam officiis est aut.', '2023-10-19 13:27:11', '2023-10-19 13:27:11'),
(20, 56, 40, 'Voluptatem et quia sint et illum ut. Vel eos occaecati nemo fugiat. Assumenda perferendis rerum quaerat saepe cupiditate sunt unde.', '2023-10-19 13:27:11', '2023-10-19 13:27:11'),
(21, 70, 30, 'Aliquid similique dolorem qui placeat. Dolore velit accusamus est enim temporibus sint. Amet amet distinctio dolores et. Possimus maiores mollitia consequatur magnam.', '2023-10-19 13:27:11', '2023-10-19 13:27:11'),
(22, 74, 69, 'In voluptas autem nemo quos modi. Eos nesciunt quis culpa. Quis id autem esse est. Aut hic qui in esse natus sit.', '2023-10-19 13:27:11', '2023-10-19 13:27:11'),
(23, 21, 71, 'Unde ratione quae eligendi velit nostrum et. Temporibus illum natus aut aperiam facilis. Quia non error nisi vel aperiam odio ea officia. Ad sint quaerat aut.', '2023-10-19 13:27:11', '2023-10-19 13:27:11'),
(24, 32, 86, 'Reiciendis qui voluptatem odit error odit. Sapiente eius quis qui eius doloremque nisi quidem accusamus. Commodi inventore voluptas eum quis ut ex.', '2023-10-19 13:27:11', '2023-10-19 13:27:11'),
(25, 97, 62, 'Sit amet enim esse. Vel placeat soluta sunt similique laborum ex ducimus.', '2023-10-19 13:27:11', '2023-10-19 13:27:11'),
(26, 38, 68, 'Eveniet distinctio quasi provident occaecati nulla doloribus corrupti. Occaecati dolores mollitia dicta ad. Cumque ea nemo enim. Sunt velit est vero qui perspiciatis autem deserunt.', '2023-10-19 13:27:11', '2023-10-19 13:27:11'),
(27, 55, 29, 'Explicabo necessitatibus impedit dolores aliquam. Consequuntur aut non ab ipsam officiis qui. Odio ex et nihil non provident.', '2023-10-19 13:27:11', '2023-10-19 13:27:11'),
(28, 25, 27, 'Et labore voluptatibus non repudiandae amet quo temporibus ut. Soluta praesentium qui alias. Esse quo optio veritatis quia iste. Et neque sed facilis repellat aut.', '2023-10-19 13:27:11', '2023-10-19 13:27:11'),
(29, 67, 30, 'Impedit ratione soluta saepe ratione laboriosam nihil. Vitae in possimus ad placeat tenetur. Excepturi doloremque in et quia non ea dolorem. Qui voluptas commodi cupiditate voluptas et et natus consequatur.', '2023-10-19 13:27:11', '2023-10-19 13:27:11'),
(30, 94, 40, 'Nihil eum porro impedit dolores cum earum dolorem. Qui possimus nobis sint. Architecto ut esse similique id quaerat eum.', '2023-10-19 13:27:11', '2023-10-19 13:27:11'),
(31, 58, 21, 'Cumque voluptatum dolorem exercitationem ut fuga odit. Accusamus voluptatum possimus hic velit sed assumenda. Cupiditate deserunt omnis sunt provident ut iure sunt.', '2023-10-19 13:27:11', '2023-10-19 13:27:11'),
(32, 1, 46, 'Aut officiis consequatur odio ad odio nemo perspiciatis placeat. Maiores quidem placeat dolorum rerum. Nemo at exercitationem sequi ut necessitatibus qui. Ut fuga rem rerum necessitatibus.', '2023-10-19 13:27:11', '2023-10-19 13:27:11'),
(33, 35, 61, 'Ullam qui debitis facilis eum. Aut ipsa sunt distinctio accusantium in et velit. Officiis accusantium harum reprehenderit autem eum. Sed nam pariatur doloremque.', '2023-10-19 13:27:11', '2023-10-19 13:27:11'),
(34, 33, 65, 'Qui earum deserunt omnis dignissimos. Minus incidunt quae aspernatur laboriosam. Velit itaque rerum aperiam vel.', '2023-10-19 13:27:11', '2023-10-19 13:27:11'),
(35, 60, 23, 'Voluptas non rerum dicta sit. Itaque suscipit velit sapiente deserunt nobis. Illum doloribus quidem accusamus aut est. Soluta rerum quis officia velit aut possimus aut.', '2023-10-19 13:27:11', '2023-10-19 13:27:11'),
(36, 49, 60, 'Non et quis at non. Laudantium et cumque est commodi voluptas in. Et hic voluptatem qui ut repudiandae. Et nobis ipsum et odit est ad.', '2023-10-19 13:27:11', '2023-10-19 13:27:11'),
(37, 5, 5, 'Praesentium eum est libero. A qui qui sed incidunt dolor sint consequatur. Consequuntur adipisci cupiditate totam qui qui.', '2023-10-19 13:27:11', '2023-10-19 13:27:11'),
(38, 23, 26, 'Itaque voluptatem est et quisquam debitis modi reiciendis. Aliquid mollitia corrupti omnis molestiae. Facere itaque aut delectus quis nobis provident laudantium. Inventore voluptates consequatur non omnis.', '2023-10-19 13:27:11', '2023-10-19 13:27:11'),
(39, 22, 56, 'Debitis est aut nisi. Tempore et autem facere inventore dolorem. Qui maxime architecto commodi qui.', '2023-10-19 13:27:11', '2023-10-19 13:27:11'),
(40, 53, 54, 'Sequi deserunt ut odit velit optio dolorem. Ipsum ea perspiciatis adipisci adipisci. Rem voluptatem assumenda debitis.', '2023-10-19 13:27:11', '2023-10-19 13:27:11'),
(41, 74, 97, 'Voluptate quod minus non fugit. Modi eveniet deleniti aliquam molestias voluptatem dolor autem. Et magnam nihil et eligendi vel consequatur ipsa. Tenetur tempore quisquam veniam a. Placeat corrupti consectetur blanditiis quia.', '2023-10-19 13:27:11', '2023-10-19 13:27:11'),
(42, 40, 50, 'Quia quaerat ipsa veritatis eveniet officia nemo. Perferendis pariatur voluptatibus nesciunt sapiente eos provident. Non beatae qui libero qui ipsum vel fuga.', '2023-10-19 13:27:11', '2023-10-19 13:27:11'),
(43, 18, 52, 'Est harum qui voluptate dolorum distinctio velit aut dolores. Repellat aut adipisci consectetur voluptatem. Explicabo et quaerat quia sequi.', '2023-10-19 13:27:11', '2023-10-19 13:27:11'),
(44, 100, 22, 'Repellat fuga nihil ab velit. Fugiat perspiciatis laborum est a placeat tempora. Aut tenetur amet ut odit dolores. Autem ut odio culpa et delectus deleniti.', '2023-10-19 13:27:11', '2023-10-19 13:27:11'),
(45, 64, 8, 'Cumque ad voluptas omnis velit fugit rerum. Atque maiores excepturi sit totam. Cumque aut consequatur fugiat temporibus et. Placeat ad voluptas dolorem ad a.', '2023-10-19 13:27:11', '2023-10-19 13:27:11'),
(46, 33, 86, 'Similique a est in. Perspiciatis temporibus quidem animi reiciendis. Laudantium exercitationem nihil ut at est repellendus. Facilis in ut laborum enim ut est.', '2023-10-19 13:27:11', '2023-10-19 13:27:11'),
(47, 68, 11, 'Maiores magnam velit sit ut. Nihil voluptatem eum quo iusto repellendus aspernatur ea. Iusto quod et officia magni ad hic qui. Fugiat est molestiae architecto.', '2023-10-19 13:27:11', '2023-10-19 13:27:11'),
(48, 51, 11, 'Pariatur dolore veritatis sit et. Itaque quia aut sit dolorum sint omnis. Cum ea officia voluptatibus consequatur.', '2023-10-19 13:27:11', '2023-10-19 13:27:11'),
(49, 50, 94, 'Exercitationem magnam possimus esse. Nemo fugit qui sunt dolores. Quas doloribus illum similique corrupti delectus id.', '2023-10-19 13:27:11', '2023-10-19 13:27:11'),
(50, 92, 19, 'Sunt eos quo voluptatem deserunt eius exercitationem. Et fugit aut dolorem et. Est quibusdam harum nobis.', '2023-10-19 13:27:11', '2023-10-19 13:27:11'),
(51, 78, 27, 'Sed aut sunt ut est debitis debitis. Cupiditate et ex dolores alias culpa. Vero aut dicta maiores officia architecto non voluptatem. Iste aut et quidem ea. Sit nulla corporis aut tenetur dolorem sed facere.', '2023-10-19 13:27:11', '2023-10-19 13:27:11'),
(52, 50, 17, 'Qui est sunt nam et vitae incidunt eveniet. Vitae aut sequi est facere ut. Ut itaque est natus dolorem. Dolor aspernatur enim sint mollitia.', '2023-10-19 13:27:11', '2023-10-19 13:27:11'),
(53, 70, 21, 'Et maiores et delectus pariatur deleniti. Dolor aut consequatur vitae reiciendis odio commodi cupiditate. Maiores quibusdam voluptatem illum esse. Quod aspernatur minus sint et dolor optio.', '2023-10-19 13:27:11', '2023-10-19 13:27:11'),
(54, 4, 27, 'Sed ea illum officiis facere rerum. Autem ut dignissimos similique sint et. Ipsum pariatur non porro accusantium vel natus facilis.', '2023-10-19 13:27:11', '2023-10-19 13:27:11'),
(55, 52, 37, 'Dolores debitis voluptates et dignissimos. Iste debitis vel aut iusto aut. Magni quae in assumenda dignissimos expedita numquam.', '2023-10-19 13:27:11', '2023-10-19 13:27:11'),
(56, 2, 19, 'Aspernatur ut possimus voluptate numquam aut impedit velit. Quibusdam hic exercitationem quis qui.', '2023-10-19 13:27:11', '2023-10-19 13:27:11'),
(57, 13, 47, 'Temporibus nihil sint repellendus cupiditate officia fugit accusamus. Debitis officia aliquid nisi tenetur eos ab totam. Consequuntur voluptatibus non et. Voluptatibus enim consectetur id et cumque aut qui.', '2023-10-19 13:27:11', '2023-10-19 13:27:11'),
(58, 18, 33, 'Alias totam nam dolore. Quis deserunt mollitia dolorem quis. Et maxime voluptas fuga enim. Reprehenderit quod assumenda vero omnis.', '2023-10-19 13:27:11', '2023-10-19 13:27:11'),
(59, 44, 34, 'Modi et dolore itaque enim et. Necessitatibus tempora quo autem et facilis architecto laboriosam. Voluptatem fugit deleniti ipsam ea illum temporibus. Voluptatem optio temporibus dolor.', '2023-10-19 13:27:11', '2023-10-19 13:27:11'),
(60, 26, 36, 'Et vero enim doloribus. Id deleniti voluptatem asperiores atque accusantium. Aspernatur ut libero inventore in quisquam aut.', '2023-10-19 13:27:11', '2023-10-19 13:27:11'),
(61, 70, 74, 'Accusantium maiores pariatur enim eveniet et. Ullam occaecati fugiat exercitationem et dolor magni quia enim. Fuga itaque laborum magnam aperiam earum corporis nostrum velit. Occaecati aspernatur dolores odio facilis animi natus.', '2023-10-19 13:27:11', '2023-10-19 13:27:11'),
(62, 14, 44, 'Eum vero qui dolore veritatis. Illo dolor eos est inventore quod harum quia. A eum veniam quis. Et tenetur nam ut illo doloremque nihil.', '2023-10-19 13:27:12', '2023-10-19 13:27:12'),
(63, 85, 29, 'Minima voluptatem qui ut quidem velit. Corporis alias et ut quae est labore nisi. Blanditiis fugiat cum sed.', '2023-10-19 13:27:12', '2023-10-19 13:27:12'),
(64, 63, 38, 'Quo voluptatem quaerat doloremque provident excepturi. Minus ut eius aut illum deserunt optio aut voluptate. Non vero itaque accusamus consequatur repellendus. Dicta velit libero id voluptas. Aliquam consectetur dicta aspernatur sint omnis.', '2023-10-19 13:27:12', '2023-10-19 13:27:12'),
(66, 55, 82, 'Id minus ab occaecati amet. Nam error necessitatibus a molestiae aspernatur. Deleniti voluptatem enim voluptatem tenetur voluptatem explicabo.', '2023-10-19 13:27:12', '2023-10-19 13:27:12'),
(67, 75, 21, 'Laudantium temporibus dolorem sit quis modi voluptatem quaerat. Beatae molestias dolore omnis amet temporibus et. Tempora aperiam consequuntur et eligendi cumque laborum.', '2023-10-19 13:27:12', '2023-10-19 13:27:12'),
(68, 39, 50, 'Nihil nobis veniam aut cum. Nihil non placeat quasi quibusdam animi cumque assumenda. Perferendis voluptatibus ut et.', '2023-10-19 13:27:12', '2023-10-19 13:27:12'),
(69, 13, 23, 'Rem sed possimus quidem libero vero. Cum non at tempore. Voluptates optio exercitationem omnis impedit libero harum.', '2023-10-19 13:27:12', '2023-10-19 13:27:12'),
(70, 66, 76, 'Enim eos molestias sapiente deserunt. Quia voluptas id eligendi beatae. Magnam repudiandae cumque consectetur eum rerum rerum eos doloribus.', '2023-10-19 13:27:12', '2023-10-19 13:27:12'),
(71, 50, 73, 'Maxime doloribus quisquam nisi libero nihil sunt. Non laboriosam perspiciatis doloribus soluta vel. Quisquam totam voluptate eum cum est quia. Nostrum aperiam unde ipsum blanditiis qui ad.', '2023-10-19 13:27:12', '2023-10-19 13:27:12'),
(72, 43, 11, 'Recusandae perspiciatis atque ipsam doloremque hic. Magni quo animi eos rerum laboriosam sequi. Aliquam dignissimos rerum expedita dolores est. Dolor corrupti aut voluptatibus sequi ut.', '2023-10-19 13:27:12', '2023-10-19 13:27:12'),
(73, 58, 26, 'Quia laborum perferendis ea. Molestias alias deserunt sint optio odit provident. Magnam odio nostrum sit ad.', '2023-10-19 13:27:12', '2023-10-19 13:27:12'),
(74, 41, 76, 'Nihil eveniet ex natus eos dolores a maxime. Dolor cumque non quia doloribus ab numquam.', '2023-10-19 13:27:12', '2023-10-19 13:27:12'),
(75, 91, 64, 'Nisi eos est culpa qui et dolores. Blanditiis expedita numquam eos nesciunt commodi dolores qui. Magnam vitae nemo molestiae voluptas dignissimos qui. Mollitia delectus omnis sit commodi velit ducimus beatae.', '2023-10-19 13:27:12', '2023-10-19 13:27:12'),
(76, 18, 30, 'Eligendi sit earum vel illum id. Vel et aut inventore. Quod et eligendi molestiae labore omnis sequi.', '2023-10-19 13:27:12', '2023-10-19 13:27:12'),
(77, 78, 79, 'Beatae totam doloremque ipsa modi debitis qui atque. Eligendi fuga id ut. Perferendis libero autem quia aut nesciunt ut mollitia.', '2023-10-19 13:27:12', '2023-10-19 13:27:12'),
(78, 45, 48, 'Odio quae nihil tempora. Rerum soluta id assumenda hic delectus libero sapiente. Maiores autem eos ut totam voluptas alias laboriosam atque. Magni magni rerum autem inventore adipisci corporis voluptatem.', '2023-10-19 13:27:12', '2023-10-19 13:27:12'),
(79, 79, 67, 'Accusamus magni qui laudantium laborum cum. Aut reiciendis fugiat et qui modi perferendis. Architecto et voluptatum et. Dolorem ea est qui commodi vel dolores est. Illo nemo nisi qui consequuntur provident dignissimos.', '2023-10-19 13:27:12', '2023-10-19 13:27:12'),
(80, 63, 40, 'Optio commodi voluptatibus tempore quo velit nostrum est. Cumque accusantium officiis culpa. Cum saepe et repellendus et architecto.', '2023-10-19 13:27:12', '2023-10-19 13:27:12'),
(81, 17, 23, 'Eveniet vel dolorum veritatis aut laborum deleniti. Voluptas dolorem ipsa aliquam sit esse consequuntur. Assumenda culpa necessitatibus quos aliquid cum omnis eligendi.', '2023-10-19 13:27:12', '2023-10-19 13:27:12'),
(82, 8, 43, 'Facilis tenetur doloribus eaque molestiae. Qui quis eius deleniti odit nam. Ab sed quia laboriosam cumque similique quia iste.', '2023-10-19 13:27:12', '2023-10-19 13:27:12'),
(83, 65, 34, 'Veritatis ut itaque accusamus eos. Quia architecto aut nam aut enim. Atque modi et assumenda labore et. Suscipit sed dicta voluptas veniam minima et.', '2023-10-19 13:27:12', '2023-10-19 13:27:12'),
(84, 52, 68, 'Quo voluptatum et ipsam ratione. Assumenda eum doloremque voluptatibus sit veniam saepe. Explicabo sed sapiente eos nesciunt debitis.', '2023-10-19 13:27:12', '2023-10-19 13:27:12'),
(85, 91, 74, 'Eaque et saepe nesciunt laudantium vero placeat. Accusantium eius sint nam aspernatur voluptatem. Minus et exercitationem est quo minus.', '2023-10-19 13:27:12', '2023-10-19 13:27:12'),
(86, 22, 72, 'Quod et hic architecto quaerat expedita et nesciunt saepe. Aut repudiandae totam repudiandae numquam praesentium voluptatibus est laboriosam. Et sunt est repudiandae minus error quia aut. Voluptatem rem earum quidem ut delectus qui repellat. Ratione magni voluptates quo autem incidunt dolores.', '2023-10-19 13:27:12', '2023-10-19 13:27:12'),
(87, 7, 81, 'Dolorem eligendi a ex provident et beatae qui. Quisquam impedit quis accusamus tempore ut. Quidem magni voluptas nemo numquam vero necessitatibus.', '2023-10-19 13:27:12', '2023-10-19 13:27:12'),
(88, 35, 7, 'Doloremque eius adipisci at esse qui aspernatur sint nulla. Velit commodi sit possimus explicabo expedita nostrum sit. Ut non voluptate id dolor. Perferendis dolorum sint et quasi earum vel.', '2023-10-19 13:27:12', '2023-10-19 13:27:12'),
(89, 93, 5, 'Animi in voluptas tempora aliquam illo sint officiis. Pariatur cupiditate totam nihil labore est et. Saepe occaecati veritatis et. Ut rerum cupiditate vitae aspernatur sequi.', '2023-10-19 13:27:12', '2023-10-19 13:27:12'),
(90, 51, 89, 'Labore porro sequi dicta sunt a id nesciunt. Recusandae velit accusamus debitis illo iusto ut. Dignissimos fugit odit soluta qui qui magnam.', '2023-10-19 13:27:12', '2023-10-19 13:27:12'),
(91, 68, 81, 'Reiciendis quam dignissimos aut rerum. Dolorem suscipit ut rem rerum vitae. Pariatur velit animi molestiae temporibus quia.', '2023-10-19 13:27:12', '2023-10-19 13:27:12'),
(92, 70, 83, 'Voluptate esse voluptatum iure labore nemo vel corporis. Eos consequatur earum alias nam.', '2023-10-19 13:27:12', '2023-10-19 13:27:12'),
(93, 21, 50, 'Et excepturi voluptate corporis maiores harum voluptatibus. Ut provident iure dolores expedita.', '2023-10-19 13:27:12', '2023-10-19 13:27:12'),
(94, 72, 63, 'Deserunt aut eligendi nesciunt et illo ex. Minus omnis saepe qui dolorem sunt. Quibusdam minima quod consequuntur architecto. Non labore corporis dignissimos eligendi. Qui minima ut inventore.', '2023-10-19 13:27:12', '2023-10-19 13:27:12'),
(95, 89, 81, 'Vitae qui quos animi ut. Sint perferendis doloribus quo quisquam. Modi qui sed maiores reprehenderit inventore sapiente. Debitis totam ducimus sed neque sunt. Beatae odit recusandae reiciendis corrupti soluta nihil aut debitis.', '2023-10-19 13:27:12', '2023-10-19 13:27:12'),
(96, 79, 68, 'Rerum dicta sunt recusandae tempora animi aspernatur. Inventore sit quo fugiat omnis accusantium dicta. Veniam aut explicabo molestiae voluptas placeat aut distinctio.', '2023-10-19 13:27:12', '2023-10-19 13:27:12'),
(97, 39, 73, 'At corrupti tempora aspernatur voluptas distinctio alias eum. Aliquid sit dicta dolorem delectus similique iste voluptatem voluptatum. Doloribus sint ullam perspiciatis voluptas.', '2023-10-19 13:27:12', '2023-10-19 13:27:12'),
(98, 53, 25, 'Sed aspernatur non voluptate aut magni qui distinctio. Maxime adipisci quos totam omnis aliquid. Voluptatum non dicta eum.', '2023-10-19 13:27:12', '2023-10-19 13:27:12'),
(100, 39, 27, 'Rerum est exercitationem consequuntur corrupti voluptatem atque sit a. Natus culpa et unde ex occaecati fuga id rem. Sit ullam sed saepe quia. Deleniti architecto quae soluta et consequatur esse.', '2023-10-19 13:27:12', '2023-10-19 13:27:12'),
(149, 3, 29, 'Agora foi....', '2023-10-30 12:44:12', '2023-10-30 12:44:12'),
(181, 3, 1, 'dsdsdsds', '2023-10-31 12:22:28', '2023-10-31 12:22:28');





INSERT INTO `migrations` (`id`, `migration`, `batch`) VALUES
(1, '2014_10_12_000000_create_users_table', 1);
INSERT INTO `migrations` (`id`, `migration`, `batch`) VALUES
(5, '2023_10_13_192145_create_posts_table', 1);
INSERT INTO `migrations` (`id`, `migration`, `batch`) VALUES
(6, '2023_10_14_165550_create_comments_table', 1);
INSERT INTO `migrations` (`id`, `migration`, `batch`) VALUES
(7, '2023_10_19_122139_create_replies_table', 1),
(8, '2014_10_12_100000_create_password_reset_tokens_table', 2),
(9, '2019_08_19_000000_create_failed_jobs_table', 2),
(10, '2019_12_14_000001_create_personal_access_tokens_table', 2),
(11, '2023_12_22_130034_create_jobs_table', 2);





INSERT INTO `posts` (`id`, `title`, `slug`, `photo`, `user_id`, `content`, `created_at`, `updated_at`) VALUES
(1, 'Ab mollitia error.', 'ab-mollitia-error', NULL, 15, 'Libero aut qui velit voluptates. Et deserunt qui eius et nisi. Sint velit ut dolorem eum laboriosam ut ad sunt.\n\nSuscipit itaque architecto dolores accusamus saepe deleniti occaecati explicabo. Modi sit eligendi perferendis ea ad. Et nulla non est consequatur voluptas vel. Voluptate quis quibusdam incidunt dolor dignissimos repellendus.\n\nPerferendis voluptatem quae iure esse molestiae sed consequatur qui. Dolorem vero sunt quia ab tempore qui dolor. Deleniti inventore id ullam recusandae magnam saepe.\n\nIllum dicta vel dolorum provident adipisci et tempore. Dignissimos totam numquam explicabo consequuntur dolore minus repudiandae et. Officia consequuntur suscipit et fuga. Accusamus nulla et voluptatibus at necessitatibus voluptatem et. Molestiae illo natus rerum aut aliquam.\n\nQuae ut et tenetur vel. Voluptatem culpa quia expedita omnis nobis aut. Nesciunt sint totam tempora. Suscipit eaque commodi sapiente nam ullam veniam dolore et.', '2023-10-19 13:27:10', '2023-10-19 13:27:10');
INSERT INTO `posts` (`id`, `title`, `slug`, `photo`, `user_id`, `content`, `created_at`, `updated_at`) VALUES
(2, 'Et nam.', 'et-nam', NULL, 26, 'Voluptas in amet ullam facilis dolorem qui temporibus neque. Voluptate est aut et. Fugit ut vitae qui voluptatum cum commodi. Veritatis laborum aut possimus atque ratione dolores ut.\n\nVelit quia qui minus ratione maiores est optio. Suscipit earum eos id rerum quam facilis. Doloremque et doloremque non animi autem odio aut est.\n\nConsequuntur ab sequi excepturi et libero nesciunt laborum. Tempora blanditiis reiciendis non. Dolor ex quo et natus.\n\nEos quo quis quos quisquam culpa rerum. Reprehenderit expedita cum molestiae qui.\n\nSint enim voluptatibus consequatur eligendi dolor repudiandae consequatur. Et necessitatibus sapiente error. Quibusdam ea est rerum ut dolorem eum quia.', '2023-10-19 13:27:10', '2023-10-19 13:27:10');
INSERT INTO `posts` (`id`, `title`, `slug`, `photo`, `user_id`, `content`, `created_at`, `updated_at`) VALUES
(3, 'Repellat est impedit.', 'repellat-est-impedit', NULL, 99, 'Quo quis et rerum. Inventore soluta sed accusamus a et. Ipsam quod quis facilis perspiciatis voluptates iste nulla sunt. Est quod iste blanditiis et itaque. Molestias aliquid magni illo voluptatem aspernatur ad in dolorum.\n\nArchitecto quam consequatur id minus repudiandae possimus ratione. Animi alias recusandae numquam est corporis magnam modi. Et dolores et cum ut.\n\nPariatur sint soluta nostrum vitae quia deleniti voluptatem. Nihil esse error non. Ratione ad in quo exercitationem iusto dolorem nostrum aperiam.\n\nConsequatur magni soluta fugit voluptatem nisi laudantium. Velit debitis iusto quia velit odio. Natus repellendus beatae praesentium blanditiis ex sunt porro sequi. Dolores blanditiis officia blanditiis similique voluptatem.\n\nNostrum autem beatae unde et. Inventore eum temporibus doloremque corrupti magni deserunt minima.', '2023-10-19 13:27:10', '2023-10-19 13:27:10');
INSERT INTO `posts` (`id`, `title`, `slug`, `photo`, `user_id`, `content`, `created_at`, `updated_at`) VALUES
(4, 'Nihil ratione.', 'nihil-ratione', NULL, 37, 'Eum assumenda veniam dolores enim suscipit id. Cumque odit similique at cupiditate. Ab soluta et veritatis voluptate provident.\n\nArchitecto perferendis maiores numquam tempora esse nemo. Amet quos consequatur eaque reprehenderit minima voluptas earum.\n\nMollitia id praesentium beatae at. Est exercitationem ut dolores delectus reprehenderit rem. Et soluta harum eum temporibus et fugiat non voluptatem. Laborum neque sint commodi cupiditate esse soluta. Culpa asperiores sed tempora qui.\n\nRepudiandae dolorem voluptas odio voluptas. Autem non architecto suscipit non dolor voluptatibus voluptatem. Et facilis non velit quo sit. Temporibus fuga nihil vel molestiae labore ut voluptatem.\n\nIste quos voluptates numquam voluptas accusantium. Ullam nihil eaque minus molestiae laborum quia aspernatur. Inventore eius nostrum culpa magni.', '2023-10-19 13:27:10', '2023-10-19 13:27:10'),
(5, 'Laboriosam illum debitis.', 'laboriosam-illum-debitis', NULL, 51, 'Vel molestias laboriosam provident autem voluptatem voluptate. Accusantium perferendis rerum sequi similique repudiandae.\n\nVoluptates molestias quibusdam eos sit deleniti aut. Doloremque hic qui est similique fugit. Sed ad ab voluptate. Reiciendis quae et dolores est.\n\nVoluptatum vitae ut sunt. Ea voluptatem et occaecati ut est quia eum incidunt. Placeat iusto ad itaque consequuntur nemo possimus eaque.\n\nOfficiis blanditiis deserunt vel voluptate officia assumenda. Tempora quam labore assumenda et neque eos velit. In molestias enim quia voluptas laboriosam aut aut. Accusamus rem voluptatem expedita nemo.\n\nQuos saepe qui reiciendis vel. Laudantium blanditiis sequi asperiores sunt velit omnis aut. Enim recusandae atque iusto consectetur at aut doloremque.', '2023-10-19 13:27:10', '2023-10-19 13:27:10'),
(6, 'Dignissimos ut reiciendis.', 'dignissimos-ut-reiciendis', NULL, 70, 'Est sit sapiente ab animi totam. Aut eos iusto impedit rerum sed rerum atque minima. Quam soluta error sunt nemo.\n\nOccaecati qui doloribus nihil autem. Iure corrupti pariatur laboriosam iusto.\n\nBeatae vitae eius temporibus et fugit praesentium voluptas. Enim dolore temporibus delectus debitis. Ea accusantium qui voluptatem commodi aspernatur delectus maiores. Ullam rerum similique voluptas aut et voluptates laboriosam.\n\nMolestiae aut aliquam tempora fugit officiis ut iure. Minima rerum illum omnis ex quia sapiente molestiae. Quis qui dolor quod non. Enim qui quidem quibusdam vel aliquid nesciunt molestias.\n\nEt rem repellendus officiis cumque ducimus numquam pariatur. Error architecto quaerat corrupti voluptas praesentium nisi. Deserunt aut est cumque a.', '2023-10-19 13:27:10', '2023-10-19 13:27:10'),
(7, 'Corrupti magnam.', 'corrupti-magnam', NULL, 43, 'In aspernatur inventore ea voluptatibus ea. Non doloremque dolorem nostrum quia amet. Placeat repellendus eum voluptas iusto mollitia aspernatur consequuntur minima. Asperiores tenetur perferendis enim incidunt aut.\n\nEt vero totam temporibus at. Non ut eum deserunt. Quas velit et et. Vel natus et consequatur et.\n\nVoluptatem enim dicta sint necessitatibus. Qui molestias et molestiae.\n\nNam perferendis amet odio alias rerum eligendi. Maiores qui sunt tenetur ipsam impedit. Sapiente facere et quia debitis ut.\n\nQui deleniti dolores ut deserunt quam iure officia. Et harum voluptatibus consequatur praesentium quia voluptatem. Doloremque ut tempore omnis omnis optio. Vel quo laborum totam quo et numquam.', '2023-10-19 13:27:10', '2023-10-19 13:27:10'),
(8, 'Dolore aliquid.', 'dolore-aliquid', NULL, 9, 'Ipsam libero dicta quia. Dolor est facilis consequatur et quas repudiandae inventore facilis.\n\nNeque quia suscipit debitis itaque sequi voluptatum. Odio maxime et placeat est et dolorem. Est quisquam eos dignissimos magni. Veritatis dolor qui temporibus et qui quis.\n\nMagnam nostrum quis dolorem eum quidem mollitia. Nobis ut perspiciatis molestiae qui consequatur voluptatem. Ut assumenda quia nisi nesciunt amet. Numquam facilis atque deserunt id ipsam sapiente autem.\n\nEt ut non et reprehenderit. Adipisci saepe ipsa corporis excepturi deleniti dolorum illum. Qui ex dolore quia veniam. Modi sint esse modi.\n\nDucimus harum vitae fuga sapiente qui omnis. Dicta occaecati voluptatum quisquam corporis impedit modi. Nulla corrupti molestiae sed omnis.', '2023-10-19 13:27:10', '2023-10-19 13:27:10'),
(9, 'Omnis eos provident.', 'omnis-eos-provident', NULL, 45, 'Repudiandae dolor corporis ducimus sint. Aspernatur quas ut assumenda eius eos quia sint magni. Velit voluptatum rem suscipit quia similique magnam odio voluptas.\n\nVoluptas aut occaecati iure qui voluptatem impedit ipsum. Quia dolores dolor et nesciunt dolore itaque. Placeat voluptas facilis error voluptatem qui ut et. Ipsum et a qui.\n\nEst et sit nihil vero doloremque ex placeat. Et sit velit recusandae et quibusdam vitae. Illum illum natus aut et.\n\nSoluta sint ut beatae labore. Ea molestias porro eum. Veniam quo in dolorem velit.\n\nRem perspiciatis sit minima maiores. Tempore explicabo assumenda dolores.', '2023-10-19 13:27:10', '2023-10-19 13:27:10'),
(10, 'Mollitia placeat.', 'mollitia-placeat', NULL, 51, 'Nulla ea molestias maiores esse iusto. Occaecati est inventore cupiditate ab commodi quia. Ipsa repellat et rerum natus omnis. Pariatur illum blanditiis porro sunt deserunt officia voluptas dicta.\n\nReprehenderit sed culpa dolores cum commodi. Unde id earum enim saepe voluptatem et. Et cumque rem voluptates eligendi dolore nesciunt nesciunt.\n\nAccusantium at ut temporibus sed blanditiis. Nihil sunt autem est perspiciatis omnis deserunt aspernatur. Quia cupiditate nihil est totam. Quo molestiae odio blanditiis veritatis.\n\nEligendi nesciunt enim minima itaque magni consequatur qui. Sed voluptas rem sunt sunt. Ratione harum fuga molestiae id. Nesciunt qui iure velit ducimus non.\n\nAdipisci deleniti eius inventore vel modi consequatur officia. Temporibus est dolores maiores qui dolorem sit.', '2023-10-19 13:27:10', '2023-10-19 13:27:10'),
(11, 'Assumenda officiis.', 'assumenda-officiis', NULL, 99, 'Est placeat et voluptatem. Quos quisquam inventore perspiciatis est soluta. Numquam itaque in placeat excepturi reprehenderit.\n\nRatione voluptas deleniti dolores sed odit nostrum aut. Et sed incidunt ut magni consequatur qui sint. Placeat tempora velit accusamus vel sit neque sunt.\n\nAut quae sequi laborum est ratione eveniet. Blanditiis sit sequi qui unde nihil velit reiciendis ullam. Rem quo autem sed consequuntur. Sequi praesentium esse ut cum eum quaerat hic.\n\nVoluptas ipsum sed earum magnam dolore. Dicta velit doloribus quis quidem sunt. Labore omnis aliquid quisquam dolores qui molestias tenetur. Soluta architecto voluptatem beatae minima error architecto velit similique.\n\nReiciendis qui beatae enim. Ea ipsa et sint. Sed illo debitis sint aut nam. In in sunt magni officiis sit.', '2023-10-19 13:27:10', '2023-10-19 13:27:10'),
(12, 'Voluptatem nulla aliquid.', 'voluptatem-nulla-aliquid', NULL, 9, 'Deserunt tempora sed dolor et accusamus facere quia. Impedit sunt perspiciatis suscipit dolorum sint molestiae. Necessitatibus velit error facere eum et expedita voluptate ipsa.\n\nAssumenda numquam dolorem sunt rerum tenetur sapiente. Reprehenderit maiores eos sed eum quas. Impedit fugiat neque debitis aliquid esse omnis laborum amet.\n\nVoluptatem sunt in et asperiores. Dicta et magnam maiores doloremque quam. Placeat non id molestiae sed autem.\n\nQuibusdam tempore facere reprehenderit. Assumenda facere perferendis incidunt sequi assumenda. Possimus laudantium fugit delectus quia sunt occaecati commodi eos.\n\nDolorum officiis eum debitis. Explicabo totam placeat molestiae illum. Consequatur dolor porro nostrum.', '2023-10-19 13:27:10', '2023-10-19 13:27:10'),
(13, 'Quasi cupiditate.', 'quasi-cupiditate', NULL, 21, 'Recusandae illo quibusdam quod maxime quo accusantium aspernatur sed. Eveniet blanditiis et molestiae possimus aut quaerat autem. Accusamus quia itaque omnis possimus sit.\n\nAut tenetur molestiae consectetur maxime sint excepturi. Tenetur molestias eligendi vitae reiciendis amet. Exercitationem est iusto qui sunt aut quia exercitationem. Alias modi in hic sed quis rerum maiores ullam.\n\nVeniam repudiandae temporibus rem enim. Qui assumenda ea vero earum minus est asperiores.\n\nQuisquam et et ipsum est velit. Et fugiat sint cupiditate et. Qui minima tenetur qui maxime.\n\nUt accusamus vel aut in. Beatae rerum quae minima consequatur. Qui quae maxime eveniet. Impedit vel provident eum qui beatae.', '2023-10-19 13:27:10', '2023-10-19 13:27:10'),
(14, 'Et occaecati.', 'et-occaecati', NULL, 44, 'Dolor accusantium eos eum est ducimus laboriosam totam. Dolor quam repellendus id omnis neque porro aut quia. Adipisci alias quae aspernatur suscipit eum. Tempore ullam voluptates consectetur ut dicta est voluptatem incidunt.\n\nTenetur cumque odit doloribus. Enim asperiores quaerat adipisci consequatur laboriosam non. A officiis alias omnis vel ullam.\n\nDolorem sit reiciendis perferendis sed est consequatur. Soluta quisquam corporis dicta distinctio. Laudantium est expedita repellat qui. Sapiente consequatur aperiam omnis facilis nihil sit. Ut saepe rerum officiis.\n\nUt sunt voluptas sit tempore quis. Natus veniam neque ad inventore dicta. Eos sit iste recusandae voluptas qui doloribus.\n\nRepellendus pariatur a sapiente perspiciatis dolor quia. Et eaque consectetur delectus eum. Sed sunt qui ut sint tenetur impedit placeat nihil.', '2023-10-19 13:27:10', '2023-10-19 13:27:10'),
(15, 'Aperiam eius cum.', 'aperiam-eius-cum', NULL, 7, 'Quia ducimus nemo voluptates mollitia ipsum reiciendis distinctio voluptas. Eos nobis voluptate cumque atque necessitatibus eius. Perspiciatis nisi qui unde eum eveniet.\n\nEst velit qui ad molestiae. Id consequuntur hic voluptatum incidunt ut eos error. Dolores nostrum est molestiae.\n\nMolestiae repudiandae est sit earum. Possimus voluptas aliquid sed et praesentium in soluta. Quia voluptatem sequi eligendi ut voluptatum exercitationem cupiditate.\n\nQuia quaerat deserunt expedita deserunt quasi non. Sunt unde omnis atque voluptas sunt culpa. Sequi pariatur sint maiores ex nihil est. Suscipit molestiae dolores quae voluptatibus.\n\nEt rerum corrupti enim deserunt molestias molestias. Occaecati sint totam quod. Natus mollitia exercitationem consequuntur.', '2023-10-19 13:27:10', '2023-10-19 13:27:10'),
(16, 'Cupiditate ut nulla.', 'cupiditate-ut-nulla', NULL, 15, 'Harum fugiat ut quod beatae animi. Quia qui nisi sint et at hic dolorem. Sint labore fugit eum aliquam assumenda repellendus eum. Molestiae ex mollitia rerum eaque est quia et.\n\nFugit laborum enim est totam veritatis ut necessitatibus. Id mollitia harum perferendis rerum eligendi. Voluptatem odit et sed debitis voluptates eligendi quia cumque. Non ab ut quae dolorem.\n\nQui dolore doloribus rem tenetur qui corporis. Blanditiis perferendis harum voluptatum quaerat. Error sequi et aliquam quo hic doloribus consequuntur. In fuga dolorum quisquam eum quo.\n\nAsperiores alias et eos qui fugit. Nihil deleniti sed aliquid voluptatum est odio. Eos ipsum id doloremque sit inventore atque. Optio commodi iure ullam mollitia.\n\nEnim quas laboriosam et incidunt et. Veritatis consectetur sunt et sed quia et labore.', '2023-10-19 13:27:10', '2023-10-19 13:27:10'),
(17, 'Tempora sit.', 'tempora-sit', NULL, 57, 'Optio ratione quaerat beatae veniam ducimus quia ut aliquid. Fuga ipsam ipsum accusantium quaerat distinctio quo quisquam iure. Ut et necessitatibus quo dolorem dolores velit maxime. Neque fugit magnam rerum laboriosam possimus. Aut ut ipsa sit et voluptates libero.\n\nItaque illum rerum doloremque a aut et sequi voluptatibus. Odio nihil omnis minus autem.\n\nUt quaerat delectus sit sunt rerum. Sed deleniti voluptatem doloribus itaque. Exercitationem ex quaerat sequi omnis eum.\n\nBlanditiis nihil qui natus distinctio consequuntur quia. Reiciendis omnis id temporibus. Quis dolore quo quo. Tempora rerum labore saepe assumenda aut. Rerum sed quisquam ut non totam est et.\n\nIllum voluptas quo quo ullam et. Atque quae exercitationem unde itaque sint doloribus. Asperiores aperiam similique aut sed quia neque id.', '2023-10-19 13:27:10', '2023-10-19 13:27:10'),
(18, 'Est facere.', 'est-facere', NULL, 23, 'Delectus sed ullam aspernatur voluptatem nobis. Pariatur iste reprehenderit et dolorum velit sunt. Expedita aspernatur veniam sint magnam aspernatur molestiae. Quo ipsa officia ad quis sed.\n\nAut odit assumenda adipisci qui magni qui. Recusandae in minus reprehenderit blanditiis. Distinctio sit ut voluptatum.\n\nVoluptates nostrum magni quo voluptate consequuntur odio. Voluptatum sit explicabo molestias ut debitis at. Sunt eligendi mollitia deleniti in. Nulla corporis eaque molestiae totam qui.\n\nAutem incidunt vel distinctio quod. Soluta quis voluptatibus illo. Quam et iusto ex et et animi consequatur. Molestiae perferendis quod ipsum repellat.\n\nRatione sapiente quis amet. Officiis quia voluptatem optio. Inventore exercitationem consequatur saepe quia nisi.', '2023-10-19 13:27:10', '2023-10-19 13:27:10'),
(19, 'Molestiae cum aperiam.', 'molestiae-cum-aperiam', NULL, 74, 'Expedita quae architecto dolor. Aspernatur sed et similique explicabo est enim. Dolor earum officia voluptas similique pariatur aut.\n\nLabore amet atque hic asperiores sapiente placeat. Beatae deleniti ducimus et omnis pariatur. Neque omnis commodi nihil voluptatem esse aspernatur commodi. Quia optio explicabo vel autem id.\n\nTempora ut amet dolores est perferendis dolore ut. Ipsam et provident dolor omnis illum. Id qui ut officiis rem.\n\nVoluptatum ut exercitationem necessitatibus architecto nostrum rem. Ut ut veritatis ea illum odio. Ut animi eum ut aut ipsa debitis.\n\nDebitis fuga id consequatur quibusdam beatae. Autem sequi blanditiis et ut ab inventore. Voluptatum at aut sunt explicabo laborum in rem. Consectetur atque similique animi optio magni est.', '2023-10-19 13:27:10', '2023-10-19 13:27:10'),
(20, 'Numquam minima non.', 'numquam-minima-non', NULL, 58, 'Non voluptatum fuga maiores quod. Eum sit nam illum. Adipisci quas ullam quae repudiandae possimus magni fugiat.\n\nDolores doloremque et aperiam. Sit unde nemo aut ducimus velit aut ut aliquid. Fuga quis ut a omnis laboriosam. Aspernatur est doloribus ullam quia non nam omnis.\n\nCulpa molestiae voluptate sint officia sunt. Fuga cupiditate alias ut eius illo exercitationem sed.\n\nQuasi dolores quo vel ut dolorum omnis. Quo voluptatem aut necessitatibus optio adipisci dolores. Veniam ratione magni non qui quo rerum eligendi modi.\n\nConsequatur nam debitis ipsam. Quis non harum dolore doloremque dignissimos in dolor. Nulla exercitationem sapiente est sit aspernatur cum magni ex. Qui architecto quibusdam dolor incidunt dignissimos saepe.', '2023-10-19 13:27:10', '2023-10-19 13:27:10'),
(21, 'Neque autem.', 'neque-autem', NULL, 29, 'Ut non est vitae et dolores reiciendis. Iste tenetur nihil officia consequuntur doloribus et. Non cupiditate sint fugiat eveniet ut aut dolorum suscipit. Ipsam excepturi sed quod sunt.\n\nConsequatur aut exercitationem mollitia aut consectetur labore. Corporis et itaque quam sit aut. Et ducimus aliquam numquam sit non tempora.\n\nQuia at soluta esse nostrum. Vel sed mollitia eius voluptatem illum quaerat et. Voluptates cupiditate animi occaecati delectus. Totam officiis ut ipsum cum officiis amet est.\n\nOdit occaecati doloribus velit cupiditate quas. Quia nisi voluptas accusantium illum rerum sint. Tempore distinctio aut laborum non quae voluptatem facilis. Quis laborum et qui quo et.\n\nSapiente ea iusto qui ex vero. Quo nesciunt similique blanditiis et. Alias quam esse sint voluptas voluptas.', '2023-10-19 13:27:10', '2023-10-19 13:27:10'),
(22, 'Non facilis quos.', 'non-facilis-quos', NULL, 99, 'Reprehenderit vel ad itaque aut consectetur. Ut sequi commodi magni et. Qui nesciunt ullam quo incidunt laboriosam est quo.\n\nVoluptatum quae nulla nesciunt ad. Inventore ab saepe vero sed ipsum natus. Et velit omnis nostrum similique sint non voluptate. Corrupti qui laboriosam qui magnam.\n\nEst voluptatem et sed nesciunt error non quia. Nam minima odio sapiente quo. Fugiat ipsa et blanditiis commodi laborum exercitationem. Quia qui dicta quis et numquam quas dolorem.\n\nAd nihil adipisci dolore laudantium eos aut. Sed maiores quam debitis maxime. Molestiae enim dignissimos cupiditate perspiciatis omnis ab.\n\nEt consequatur dolorem distinctio cum ullam quis. Debitis hic vitae sed qui. Voluptatum quas alias repellendus.', '2023-10-19 13:27:10', '2023-10-19 13:27:10'),
(23, 'Tempore quam consequatur.', 'tempore-quam-consequatur', NULL, 37, 'Consequatur nemo amet corporis omnis voluptas. Id minus omnis assumenda quia necessitatibus quia facilis aut. Assumenda veritatis dolore doloremque quisquam.\n\nMinus temporibus quae quia officia dolorum eos ipsa. Quo atque earum est sed et et et et.\n\nAut ut architecto error dolorum quia aperiam fugiat fugiat. Sunt ut facilis facilis voluptatem quod libero. Possimus blanditiis sed provident pariatur quibusdam velit in.\n\nAut non alias rerum fugiat non delectus. Doloribus maxime aut ipsa natus dolores. Aut minus voluptatem fuga explicabo ea accusamus voluptas libero. Ad alias fugiat molestias illo.\n\nOdio alias iste fugiat doloribus fugit perspiciatis impedit. Maxime dolore sed dicta tempora deserunt saepe fugit. Similique qui totam amet nihil sed laborum suscipit. Possimus dignissimos consectetur dolorem rerum quisquam alias sit.', '2023-10-19 13:27:10', '2023-10-19 13:27:10'),
(24, 'Nesciunt et.', 'nesciunt-et', NULL, 37, 'Quisquam dolorum sed et temporibus facilis. Voluptatum neque itaque laboriosam voluptatem accusantium. Doloremque totam quae omnis esse.\n\nAmet dolore illum aut animi beatae iusto. Error vel voluptas quos eum vitae. Occaecati enim rerum at saepe quas ratione omnis dolorem. Veritatis velit facere possimus aut.\n\nAlias qui reprehenderit soluta cum. Dolore facilis quis dolor sit excepturi ipsa esse. Consequatur eos nihil dolores eaque consequatur.\n\nCupiditate facilis sint repellendus et rem vitae repellat sunt. Doloribus architecto ipsam qui.\n\nQuis eius eos et. Eius incidunt repudiandae libero non aut. Consequatur debitis non consequatur quibusdam.', '2023-10-19 13:27:10', '2023-10-19 13:27:10'),
(25, 'Debitis molestiae.', 'debitis-molestiae', NULL, 92, 'Unde sit ipsa repudiandae vel. Odit sapiente libero temporibus qui sapiente minus ipsum et.\n\nNobis dolorem sunt id nihil ut aspernatur sint ad. Quaerat molestiae iste aut omnis qui. Similique ducimus eius quidem earum dolore amet blanditiis.\n\nDeleniti ipsam expedita tempora ut nisi. Sit sed aperiam aut nostrum quia vel tenetur veritatis. Consequatur fugiat incidunt natus velit eaque.\n\nReiciendis blanditiis unde quo veniam. Voluptate exercitationem sit sed harum aut quaerat consectetur. Rerum placeat laboriosam et.\n\nIusto tempora ut iure consequatur et. Natus quisquam quaerat est dolores cupiditate assumenda necessitatibus. Et dolorum est reprehenderit dolorem eum dignissimos.', '2023-10-19 13:27:10', '2023-10-19 13:27:10'),
(26, 'Corporis saepe.', 'corporis-saepe', NULL, 9, 'Sint debitis qui ex ut. Molestiae dignissimos exercitationem beatae distinctio dolores molestiae dicta. Quis recusandae quo odit omnis. Aut dignissimos odio et ut voluptatum eos.\n\nLibero et placeat amet. Quia nihil repellat libero. Commodi dolor commodi rerum amet.\n\nQuasi molestias in animi eum dolorum. Et necessitatibus quia ut recusandae molestiae deleniti non. Et et fugiat aliquam.\n\nCulpa ipsa ut beatae voluptate fugiat. Dolores dolorem dicta omnis consequuntur voluptas aspernatur omnis. Soluta commodi ipsa veniam temporibus iste ducimus beatae. Ut aspernatur nemo dolorem voluptate.\n\nQui eius quasi ut aut. Tenetur ut a repellat ea. Ut libero velit in.', '2023-10-19 13:27:10', '2023-10-19 13:27:10'),
(27, 'Vitae aut delectus.', 'vitae-aut-delectus', NULL, 32, 'Ut quia iusto natus quisquam illum. Aut quasi eius odit neque omnis. Sunt eos laboriosam quod numquam eligendi reprehenderit qui occaecati.\n\nNobis laborum et sunt. Et at maxime consequuntur perspiciatis dicta dolorem. Debitis libero adipisci id placeat accusantium doloremque. Occaecati sit tempore praesentium ipsam ea rerum.\n\nQuam inventore commodi quasi qui facere quia doloremque. Nihil odit dolorem repudiandae error aliquid qui sunt. Laudantium quod ut sed non libero laborum non.\n\nError maxime et dignissimos nisi. Odio aut earum corrupti itaque laborum quis. Qui autem et eos omnis blanditiis cumque. Qui voluptatem quam totam. Nulla quia est et officiis iste.\n\nAliquam vero quaerat quo consectetur amet veritatis aut non. Quo aut dolorem quam ipsum itaque nostrum est. Cupiditate quo molestiae id dignissimos omnis rerum sint.', '2023-10-19 13:27:10', '2023-10-19 13:27:10'),
(28, 'Hic ut.', 'hic-ut', NULL, 73, 'Et tempora error sed repellendus voluptatum. Est labore libero quis voluptates voluptatem velit maiores. Aut nobis modi quis sed dignissimos rerum. Vero aut deleniti autem quidem rerum.\n\nEsse sunt suscipit quidem iste. Incidunt et eum voluptates et est tempore et ipsa. Excepturi repudiandae sed cumque molestiae voluptatem molestiae tempore. Doloremque laborum veniam qui maiores magni sapiente et. Dolorem tenetur excepturi eos neque enim ea omnis veniam.\n\nEst unde ut ut architecto hic perferendis. Ut voluptatem molestiae eius voluptatem alias quo rerum. Voluptas aspernatur ducimus qui sunt possimus qui quis.\n\nOmnis similique officiis nisi occaecati laborum doloremque. Neque quas consectetur unde unde adipisci. Quo nemo excepturi saepe dolorem voluptatem temporibus.\n\nLabore molestiae qui non tempore. Ut perferendis mollitia quaerat molestiae. Sed voluptatem repellat tempore quidem. Est ipsam repellat consequatur non libero.', '2023-10-19 13:27:10', '2023-10-19 13:27:10'),
(29, 'Voluptas dolores.', 'voluptas-dolores', NULL, 10, 'Voluptatem possimus doloremque rerum ut et est. Harum quasi consectetur quos voluptas dicta animi enim earum. Repellat sequi et quis. Nihil ullam aut ipsa sit.\n\nEsse et quasi dolorum architecto enim odio. Aspernatur omnis vitae et et quasi. Commodi nihil ut et velit. Temporibus commodi totam sapiente sed molestiae quia sapiente.\n\nVelit distinctio voluptate omnis laudantium dolorum. Ut qui numquam voluptas quasi beatae ipsum. Sed fugit natus praesentium sapiente.\n\nEius dolor autem sed quis iste magni. Et molestiae sed eaque magni aliquid earum eligendi qui. Omnis blanditiis dolores perspiciatis est odio. Voluptatum sit et quidem.\n\nSed quidem nobis illum similique consequatur dicta. Ut delectus sit architecto iure et id totam ex. Qui neque id ut explicabo adipisci. Aut sint eius autem voluptatem itaque et.', '2023-10-19 13:27:10', '2023-10-19 13:27:10'),
(30, 'Ut dicta tempora.', 'ut-dicta-tempora', NULL, 63, 'Alias magni voluptatum vero aliquid quo reiciendis ducimus. Occaecati non earum perspiciatis adipisci. Unde sunt aut est quia.\n\nAut officiis quae quia debitis esse quis. Nisi est rerum quia nihil et libero sit iusto. Suscipit aut dolore cum facere praesentium.\n\nEt iure tempora repellat reiciendis odit. Id unde earum eum molestiae. Sint atque quod et eligendi hic ut qui. Quaerat iure ut illum nesciunt. Reiciendis et voluptatibus velit doloribus est consequatur sed.\n\nSint error itaque at vero voluptas ab ipsa. Error accusantium est voluptatum sint quia enim. Voluptatem maxime qui corporis vero. Et voluptates ipsa amet unde nesciunt ab.\n\nAccusamus fugiat enim in. Maiores accusamus laboriosam vel omnis quis odit.', '2023-10-19 13:27:10', '2023-10-19 13:27:10'),
(31, 'Quia voluptatem qui.', 'quia-voluptatem-qui', NULL, 86, 'Eum corrupti voluptates cupiditate sit. Rerum maiores omnis animi distinctio ut voluptatem exercitationem. Repellat et aut porro. Facilis nam voluptatem qui ut pariatur consequatur.\n\nVel eveniet libero sunt voluptate dolorum accusamus doloribus nostrum. Dolores provident nam animi cumque ea. Omnis aut dolorum quo dolor. Non rerum tempore commodi rerum eum.\n\nDolores voluptas provident consequatur est animi. Voluptatem illo minus velit nemo et eligendi. At pariatur nisi maxime consequatur ut eaque cum fugit. Sequi maxime dolorem nemo consequuntur perspiciatis.\n\nOfficiis ea et culpa aut alias totam est. Mollitia tenetur molestias non aut. Corrupti facilis vitae aut sunt. Voluptas aperiam explicabo odio et quam. Itaque tempore debitis alias qui consectetur omnis dolores.\n\nEt vitae autem illo blanditiis. Dolore qui consequatur eligendi cum voluptate magnam repudiandae. Id culpa illum qui tempore saepe sit. Optio saepe dolore numquam eos recusandae ab impedit.', '2023-10-19 13:27:10', '2023-10-19 13:27:10'),
(32, 'Non fugiat.', 'non-fugiat', NULL, 59, 'Corporis et aut cumque vel velit. Et eos nihil repudiandae cupiditate eligendi ut officia. Fugiat rem eius neque minus ut repellendus dicta.\n\nCum pariatur eos et et mollitia aperiam. Esse nam tenetur est quisquam architecto sed. Neque soluta dolorum dignissimos provident sunt. Voluptatum et doloremque at illum.\n\nQuis fugiat nihil laborum sunt. Sit aut omnis est suscipit vel occaecati repudiandae. Fugit laboriosam eligendi libero necessitatibus sapiente consequuntur.\n\nEt sequi incidunt ut sunt non. Ipsam sit dolorem assumenda sequi. Aliquid eos facilis quia architecto vero vel. Repellat quo et similique enim in.\n\nEsse rerum rem sit est. Totam voluptas molestiae aliquam dolore maiores. Dolor qui maxime quo neque voluptates sunt ea. Hic facere animi dolorum officiis amet.', '2023-10-19 13:27:10', '2023-10-19 13:27:10'),
(33, 'Ut perspiciatis.', 'ut-perspiciatis', NULL, 69, 'Non similique qui deserunt. Culpa cumque impedit aspernatur officiis facere error sunt velit. Optio consequatur omnis culpa unde. Voluptatum magni deleniti quibusdam reiciendis.\n\nRerum eos dicta quia voluptas nam sit. Ex cupiditate alias et veritatis omnis. Laudantium dignissimos molestiae nesciunt dolore porro fugiat nostrum.\n\nQui sed autem voluptatum et rerum. Earum autem perferendis numquam explicabo qui voluptates et. Et minima error veritatis voluptatem excepturi. Rerum dolorem voluptatum est corrupti voluptatem.\n\nAliquid voluptate consequatur repudiandae nobis. Sit expedita fugit distinctio sequi molestiae. Iusto totam molestias et alias quia saepe veniam. Quam provident animi dolorem accusamus eaque ea.\n\nEnim delectus deleniti quod et odit asperiores blanditiis. At asperiores quidem est excepturi sit harum asperiores. Eaque eum sit eum repellat voluptatem nisi enim.', '2023-10-19 13:27:10', '2023-10-19 13:27:10'),
(34, 'Similique aut.', 'similique-aut', NULL, 21, 'Velit qui dolores quo. Veritatis itaque necessitatibus dicta voluptatem. Vel et voluptatum est ipsa nesciunt.\n\nIpsum voluptatem architecto eveniet dolores ab. A et labore debitis labore libero quis laboriosam. Et enim minus quo est modi fugit est omnis.\n\nInventore ut ipsa inventore quis sunt est nulla. Eveniet quia tenetur voluptatem. Qui ut ut consequatur eligendi molestiae earum ut. Rem dolor tempore aperiam esse odio deleniti.\n\nRerum ex quo quis laborum libero velit provident. Porro ea eius in qui. Corrupti eum ut quod et. Qui dolores vel et ducimus.\n\nNulla et enim dignissimos aliquid omnis fugit. Aut ut consequatur architecto minus. Veritatis commodi facilis repellat expedita voluptates quia. Molestiae aperiam magnam expedita deleniti magnam delectus.', '2023-10-19 13:27:10', '2023-10-19 13:27:10'),
(35, 'Autem consequatur.', 'autem-consequatur', NULL, 93, 'Qui dolorem qui ut fugit consequatur nobis laboriosam. Neque optio officiis explicabo ab sit sint non. Numquam eius qui qui dolorum repellendus. Numquam natus quae rerum repudiandae vel. Nisi accusantium vel omnis ducimus officiis consequuntur.\n\nExcepturi atque suscipit error consequatur. Reprehenderit quia neque et aliquid porro qui sint. Reprehenderit nostrum hic sit quo. Voluptatibus officiis exercitationem vel nulla omnis. Doloremque accusamus quod nihil odio.\n\nId quas alias cupiditate excepturi voluptate. Veniam officiis modi ut sit consequatur voluptas iste. Ut et quis aliquam quidem magnam molestias. Aut reprehenderit blanditiis sapiente commodi quia. Aut dolorem ut repudiandae voluptas.\n\nUt est quidem veniam natus impedit est ut. Placeat distinctio id dolores eos. Dolorem qui officiis laborum qui et esse. Aut deserunt consequatur voluptatem consequuntur harum nihil.\n\nItaque quia est dolores atque omnis qui. Ut cum ducimus non. Facere aspernatur aut inventore placeat similique laudantium et. Dolor iusto earum dolor dolorem.', '2023-10-19 13:27:10', '2023-10-19 13:27:10'),
(36, 'Et rerum perspiciatis.', 'et-rerum-perspiciatis', NULL, 92, 'Assumenda reprehenderit velit fugiat minima ab minus explicabo. Pariatur eum rerum aut vel et in et. Dolor voluptas asperiores ut quia at. Et recusandae ut sunt est.\n\nNobis cumque animi nihil necessitatibus qui ut. Adipisci minus qui ab. Laborum ut aspernatur animi ipsum et eaque. Consequatur aut officiis incidunt id ex magnam.\n\nAccusamus quia aperiam aliquid iste reprehenderit consequuntur velit perferendis. Soluta minima eveniet et excepturi eum officiis aut. Nesciunt est laboriosam qui. Totam qui nihil qui iusto explicabo harum.\n\nEt incidunt ipsam quibusdam. Deserunt autem totam repellendus dolor ipsam eum et voluptatem. Doloremque repudiandae est quae. Tenetur error corrupti omnis possimus ut enim.\n\nEum voluptatibus quas consequatur assumenda et et. Nihil harum et fugit ipsa sed sed. Totam voluptatem vel voluptatem cumque.', '2023-10-19 13:27:10', '2023-10-19 13:27:10'),
(37, 'Voluptatum quibusdam sit.', 'voluptatum-quibusdam-sit', NULL, 12, 'Voluptatibus iste id adipisci amet dolores sequi quaerat. Repellat a ad ut earum molestias cupiditate hic est. Maiores sed perferendis ea atque.\n\nAut fugiat ullam aut. Aliquam aut aperiam maiores inventore aliquid. Laboriosam itaque temporibus quia. Ut unde soluta et unde totam labore.\n\nSed enim labore atque. Mollitia dignissimos provident est.\n\nOfficia molestiae explicabo id suscipit quia numquam. Nesciunt eaque esse et qui magni aut cum ad. Ut sequi ea ipsa sunt eos. Earum molestiae vitae vel vitae minus debitis amet quas.\n\nOdit quod id voluptatum architecto est tenetur. Eveniet enim architecto architecto rem consequuntur minus consectetur. Dolores enim aut et dolores minus minus autem. Autem quae nihil error sit impedit debitis. Ducimus ut facilis ut.', '2023-10-19 13:27:10', '2023-10-19 13:27:10'),
(38, 'Non quae.', 'non-quae', NULL, 39, 'Tempore corrupti unde quod consequuntur et possimus et qui. Veritatis odio qui optio voluptas nostrum deserunt maiores omnis.\n\nQui ut est harum ea dolores ea. Enim soluta quo qui dolorem et ut. Voluptates deleniti assumenda reiciendis rerum omnis facilis placeat cum. Adipisci necessitatibus quasi consequatur praesentium sunt eum. Esse autem eos libero ea ut et.\n\nNesciunt cum non sequi fugit. Officia id earum aut nihil optio ipsum.\n\nDelectus aut et ea vel. Est odit dignissimos velit laboriosam animi et repellendus. Iste officia accusamus harum aut quia saepe.\n\nUt quod debitis est dolorum consequatur odit et. Distinctio non rerum ducimus et quaerat excepturi in nostrum. Numquam sapiente eveniet quam est. Autem qui dolores soluta repudiandae consectetur. Officia tenetur quia commodi aut.', '2023-10-19 13:27:10', '2023-10-19 13:27:10'),
(39, 'Neque et.', 'neque-et', NULL, 49, 'Fugiat cupiditate enim sed tempore est. Quod quia voluptatem sed aut minus qui maiores. Reprehenderit et placeat et laudantium iusto.\n\nVel vel ea cupiditate. Totam rem eius dolore fuga facilis facilis. Nesciunt dolor asperiores blanditiis minus aut. Officia ut nostrum soluta illo.\n\nEx earum nihil doloribus nihil. Cupiditate non rerum omnis ut. Ea repellendus numquam recusandae. Optio aut eum nobis ex voluptatum.\n\nOfficia atque quis architecto nihil voluptatibus aspernatur at. Id velit consequatur sunt commodi ullam eius atque.\n\nSimilique voluptate quas sit eum temporibus praesentium sint. Rerum laborum et molestias praesentium. Qui ipsa est consequatur doloribus quia. Labore eos omnis qui.', '2023-10-19 13:27:10', '2023-10-19 13:27:10'),
(40, 'Quos deserunt accusamus.', 'quos-deserunt-accusamus', NULL, 95, 'Odit ea architecto tempore et. Odio est laboriosam et blanditiis est nihil et. Sit earum sequi eveniet voluptatem voluptatem quo ut. Qui quam placeat accusamus ex et accusamus.\n\nRepellat fuga iste velit aut. Sunt velit ea quaerat ut. Suscipit et est sit et ex ut et. Optio dolorem dolorum nisi occaecati doloribus.\n\nAsperiores vitae ducimus iusto. Voluptatem et qui omnis aliquid. Ab est aut mollitia velit non asperiores. Dicta consequuntur hic ut omnis facere necessitatibus.\n\nQuia velit doloribus hic ullam voluptatem sunt. Animi repellendus ad et rerum consectetur. Ducimus ex animi et ipsa reprehenderit.\n\nRepudiandae amet dicta deserunt aliquid. Enim qui mollitia error. Sed eos perspiciatis earum et ut illum quod. Consectetur voluptas quasi perspiciatis non omnis.', '2023-10-19 13:27:10', '2023-10-19 13:27:10'),
(41, 'Neque omnis dolores.', 'neque-omnis-dolores', NULL, 71, 'Nobis fugit recusandae laboriosam sunt praesentium quam amet id. Commodi consequatur officia et delectus quisquam earum impedit. Ullam sit dicta saepe dolorum quia. Corrupti temporibus quos quis illum.\n\nAt et est voluptates maiores vero. Sed iste molestias facere a nihil perspiciatis veritatis. Et laboriosam consequuntur vel totam eos harum. Rerum doloremque exercitationem velit reprehenderit.\n\nSunt voluptatem velit adipisci deleniti qui ut illo. Illum dolorem animi non hic eaque eum.\n\nPorro ut dignissimos similique. Culpa dolorem aperiam necessitatibus voluptatem. Aperiam non ipsa harum deleniti quod quisquam.\n\nQuasi quidem voluptatem omnis soluta harum cum error. At optio eius quis et deleniti. Minus rem quia dolor aperiam dolores suscipit. Omnis quibusdam quos dolorem est atque culpa accusamus.', '2023-10-19 13:27:10', '2023-10-19 13:27:10'),
(42, 'Sint sit.', 'sint-sit', NULL, 39, 'Quia accusantium corrupti explicabo quisquam illo ut dolorum. Quo eaque odit ut illo animi tenetur reprehenderit. Quia quia sunt odit adipisci ipsam debitis ullam. Enim et optio quas autem dolor ex.\n\nRatione aut modi nihil quod nihil similique. Qui ut placeat placeat quis reiciendis aut. Nulla nesciunt voluptatem perferendis consectetur suscipit sit et. Voluptate aliquid autem velit et soluta. Facilis delectus officia iure beatae repudiandae eveniet incidunt.\n\nConsectetur eos reprehenderit inventore temporibus. At qui nobis aut fugit voluptatem saepe facere. Eveniet a quaerat quo et.\n\nUnde consequatur facilis quo facere eum tenetur facilis perspiciatis. Quis quasi enim atque recusandae et error. Ipsum fugit fugiat quisquam nostrum nesciunt a. Autem et explicabo molestiae voluptas asperiores voluptas provident.\n\nDoloribus nemo totam dolore aut. Rerum dolores quia quasi sint aut culpa voluptas. Voluptatem quae quis repellat assumenda error quidem. Optio doloribus laboriosam maiores quos sed.', '2023-10-19 13:27:10', '2023-10-19 13:27:10'),
(43, 'Officiis vel.', 'officiis-vel', NULL, 40, 'Cumque illum alias aliquid. Doloremque inventore corrupti consequatur quo. Minima cupiditate occaecati perferendis rerum praesentium quasi modi.\n\nVoluptatem quas quis molestias voluptatem quas. Ducimus eveniet esse id ipsa aut alias. Velit delectus illo dignissimos similique magnam occaecati velit.\n\nExpedita qui tempora illum voluptatem magni quam harum. Neque ipsa ut necessitatibus similique. Vero vitae qui ab.\n\nAmet officiis quos aut dolore accusamus odit nihil. Sunt quam totam quasi.\n\nNatus commodi soluta aut. Quo neque vel placeat quo. Qui impedit et minima ex repellat est est.', '2023-10-19 13:27:10', '2023-10-19 13:27:10'),
(44, 'Velit rerum.', 'velit-rerum', NULL, 24, 'Ut occaecati sunt ut autem aliquid nam. Aut repellendus repellendus fugit est necessitatibus aliquam aut. Sapiente facilis ut tempora veniam sint et.\n\nSuscipit praesentium nam quaerat repudiandae quis. Sed nostrum aut aut consequatur. Veritatis aut quasi quam adipisci omnis.\n\nItaque eum qui nesciunt quo occaecati deleniti nam molestiae. Earum et velit aperiam et veniam labore deleniti laboriosam. Iure similique nemo rerum rem voluptates. Dolores dolor unde vitae qui.\n\nAccusamus molestiae qui corrupti neque. Illum aut quo rerum. Nobis facilis beatae non qui. Odit iure voluptatum sequi sit cumque.\n\nQui molestiae voluptate magnam maiores magnam id. Saepe libero accusantium et animi reiciendis aspernatur voluptatem. Enim et labore aut amet. Eius dolorum qui et ut corrupti. Quia et omnis ut beatae.', '2023-10-19 13:27:10', '2023-10-19 13:27:10'),
(45, 'Aliquam aut.', 'aliquam-aut', NULL, 7, 'Minus ut debitis voluptas vitae. Nisi quis quasi animi similique qui incidunt quis. Cum sit quia numquam voluptatum ipsum. Cumque expedita tenetur et doloribus omnis dolorem non non.\n\nIpsa ex doloribus esse fugit repellendus hic perspiciatis. Aspernatur ducimus vitae iure sed quia reprehenderit.\n\nDignissimos repellat cumque ut sunt enim ab similique. Officiis dolorem accusantium neque incidunt est fugiat cum repudiandae. Ipsum quia repudiandae est ullam autem officia qui. Illo corporis delectus modi quia magni in facere.\n\nTempore soluta voluptatum ea nemo. Sint tenetur inventore accusantium saepe occaecati eum. Omnis architecto dolor ratione vel autem beatae.\n\nLaborum ut accusantium id consequuntur quas quas sint accusamus. Unde molestias qui et odio eligendi eius. Ab voluptates voluptas fugiat aspernatur dolore non. Eaque ad eos est consequatur ea rem qui.', '2023-10-19 13:27:10', '2023-10-19 13:27:10'),
(46, 'Sit repellendus.', 'sit-repellendus', NULL, 70, 'Dolorum qui iusto porro est laborum. Ipsam enim aut placeat nihil quae dolor reiciendis. Dolore ut ullam delectus asperiores deleniti. Autem ullam omnis voluptatem autem cumque.\n\nDistinctio doloribus et non minus error est aut. Repellendus ad quia adipisci iusto provident magni id. Optio autem quod est vitae. Omnis dolore enim occaecati deleniti. Odio dolorem quia eos.\n\nSed voluptatem fuga aliquam et. Aliquid ea excepturi qui hic itaque eveniet.\n\nSimilique deleniti rerum veritatis et temporibus labore dolorem. Molestias similique commodi et sit est reiciendis ut. Consequatur rerum saepe aliquam. Et qui velit laboriosam ut perferendis rerum aliquid.\n\nTotam repellendus perspiciatis tenetur consequatur voluptate quas. Expedita nisi quia omnis corrupti molestias dignissimos blanditiis exercitationem. Corrupti aut quia quaerat aut. Officia reprehenderit dolore nemo necessitatibus sit quibusdam.', '2023-10-19 13:27:10', '2023-10-19 13:27:10'),
(47, 'Repellendus adipisci.', 'repellendus-adipisci', NULL, 46, 'Magni qui fugit temporibus perferendis. Rerum dolores et earum qui numquam amet sunt quis. Quia excepturi placeat facilis dolore. Et facilis exercitationem delectus libero aut.\n\nDolore numquam quia ducimus rerum quis. Aut maxime unde quis rerum porro quia quisquam temporibus. Commodi qui excepturi quibusdam ipsam. Quaerat rem quasi placeat doloremque. Et ut in nostrum quisquam hic nobis et.\n\nDolorem adipisci in labore cupiditate suscipit est officiis voluptas. Suscipit molestiae reiciendis aut qui corporis facilis enim. Et quidem quibusdam debitis architecto voluptas inventore. Veniam temporibus sunt itaque harum quisquam eligendi dolor est.\n\nIn aut porro quae nulla nemo nam. Omnis et exercitationem voluptatibus id fugiat doloremque quia. Quaerat totam aspernatur magnam excepturi.\n\nAlias sunt qui sunt eveniet voluptatem voluptatem. Ut autem minus dolor quo. Quia iusto non eum eveniet pariatur.', '2023-10-19 13:27:10', '2023-10-19 13:27:10'),
(48, 'Aut ut.', 'aut-ut', NULL, 76, 'Eaque et dolorem qui labore qui qui velit. Blanditiis qui vel iusto. Ullam maxime sed qui iusto atque. Voluptatem natus modi voluptas quis. Error id aut et nemo aut.\n\nIn numquam a minima sapiente voluptas quia. Qui autem nisi quo minus perferendis. Laborum et inventore aut.\n\nEt qui quidem earum magni ipsa et quia et. Magnam odit vitae adipisci ea debitis rem quis. Dolor sint id saepe autem doloremque necessitatibus. Consequatur alias ut omnis enim amet eos.\n\nUt soluta est laborum expedita. Aut voluptatibus atque consequatur ea repellat officia repellendus. Aut ullam quidem minus sunt praesentium sit distinctio. Expedita iusto vel sed et iste tenetur quae.\n\nIusto soluta soluta odio et laudantium. Omnis vero deleniti illum consequatur. Perspiciatis sunt vel vel quia. Nihil consequatur dolor natus.', '2023-10-19 13:27:10', '2023-10-19 13:27:10'),
(49, 'Rerum magnam exercitationem.', 'rerum-magnam-exercitationem', NULL, 3, 'Minus voluptatem perferendis cupiditate ut impedit. Est libero cumque quia consequatur. Placeat nihil similique ea. Quod ut quae doloribus sapiente eius.\n\nDolorum inventore est quidem voluptatibus non quia. Dignissimos officiis autem est voluptatum. Dolores sunt voluptas dignissimos qui.\n\nIste ad laudantium qui pariatur consequuntur. Mollitia est dolore non consequatur alias quis magni neque. Ut voluptatem nihil quis.\n\nIllo eos accusantium quia dolorum. Quidem adipisci vel reprehenderit quae repellat est magni. Nostrum distinctio quas delectus est ea. Perspiciatis ex maiores cumque eos.\n\nQuisquam ad minus enim recusandae maiores eum nihil. Ab est qui et est atque sapiente alias. Laudantium tenetur velit quidem blanditiis id nemo nesciunt. Iste id quidem nostrum ex saepe reprehenderit.', '2023-10-19 13:27:10', '2023-10-19 13:27:10'),
(50, 'Provident ut.', 'provident-ut', NULL, 89, 'Mollitia corporis molestias veniam dolore laudantium incidunt sunt. Labore sed pariatur ut vero soluta consequatur aut illo. Est ut magni eum maiores ea neque. Incidunt eum sunt qui aut sed ut.\n\nAnimi qui laborum blanditiis quos. Dignissimos voluptatum amet quia eligendi eaque eos voluptas. Repellendus amet delectus ipsum ducimus sapiente. Omnis et fuga aut placeat.\n\nNobis veritatis quia qui rerum tempore voluptatibus. Quas similique nisi est. Velit harum atque voluptates amet dolore consequuntur.\n\nLabore vero qui culpa optio maiores sed neque et. Eos omnis et expedita et perspiciatis minus fuga. Fugiat iste autem distinctio id quidem. Minus et necessitatibus ipsa et repellendus autem maiores.\n\nImpedit totam aliquid aut ut reiciendis rerum. Impedit fugit aliquid ut animi reiciendis non. A ab fugit vel ratione sit deserunt aperiam.', '2023-10-19 13:27:10', '2023-10-19 13:27:10'),
(51, 'Fuga est.', 'fuga-est', NULL, 56, 'Deleniti aut et libero doloremque voluptas. Earum beatae adipisci nemo at quia beatae veniam. Aliquid aspernatur ipsam explicabo facilis autem natus. Omnis ea et commodi expedita sequi ut.\n\nMolestias est accusamus et quasi. Est est alias velit et eligendi ratione et.\n\nBeatae accusantium qui quidem mollitia atque assumenda. Ut enim quia dicta voluptates autem autem omnis ut. Vitae voluptatibus dolor voluptatum quia repellat sequi.\n\nBeatae voluptatem nihil modi quaerat voluptates vitae eius voluptatem. At aspernatur dolores eligendi reprehenderit minima nihil corrupti perspiciatis. Mollitia omnis facilis animi aliquid iusto numquam aut.\n\nSoluta dolore cum sunt deserunt molestiae. Officia repellat sit velit. Quos odit magnam eaque maiores optio reiciendis voluptates. Enim eos sed deserunt qui et ipsum qui.', '2023-10-19 13:27:10', '2023-10-19 13:27:10'),
(52, 'Inventore nesciunt adipisci.', 'inventore-nesciunt-adipisci', NULL, 26, 'Consequatur non quidem expedita nisi. Quam doloribus ut debitis et maiores cupiditate. Veritatis quod necessitatibus inventore eos. Eligendi ullam vel pariatur qui sunt dolorem.\n\nDolorem et delectus et itaque. Numquam omnis rem voluptatem accusantium quibusdam quae maiores dolor.\n\nDolores aut magnam doloremque adipisci architecto. Corporis quis sit voluptatem voluptate eum. Et rerum aliquid aperiam aspernatur ipsum saepe.\n\nQuisquam est aliquid quod sunt molestiae quos. Inventore et fugiat autem repellendus aliquid velit accusamus. Non dignissimos aut aut omnis magni.\n\nReprehenderit harum placeat dolores omnis deserunt laudantium. Reiciendis facilis velit tempore vero dolores ipsam suscipit. Aperiam et voluptates quo nemo dignissimos optio quia. Omnis qui in molestiae sed similique nemo. Numquam vero mollitia eveniet est quia ad.', '2023-10-19 13:27:10', '2023-10-19 13:27:10'),
(53, 'Non accusamus sed.', 'non-accusamus-sed', NULL, 50, 'Amet voluptas dolorem aperiam ex explicabo facilis excepturi labore. Molestiae minima illo tempora et ex. Perspiciatis molestiae et harum similique non perferendis dolor.\n\nDolor qui dicta aut voluptas sed qui. Nesciunt consequatur optio placeat perferendis. Est itaque cupiditate deserunt numquam sit tempora consequatur. Ipsam ducimus quam tempora consequatur aut sunt.\n\nMagnam consequatur rerum neque et eos. Modi corporis eaque ad aperiam rerum perferendis dolores. Error iusto natus odit ipsum quia. Est odit eum qui iusto exercitationem.\n\nSit et ex fuga qui nihil natus. Et dicta et voluptatem et quaerat facilis tenetur. Sequi in quam nisi facilis enim rerum.\n\nEos architecto magni delectus. Eius et magnam ducimus rerum quis tempora. Consequatur error laudantium laboriosam error laboriosam. Quas hic sit aut qui dolor itaque.', '2023-10-19 13:27:10', '2023-10-19 13:27:10'),
(54, 'Est et.', 'est-et', NULL, 39, 'Qui ea consequatur commodi et. Sunt dolor aliquam error dolores provident. Non maiores rem aliquid ut minima dolorum quasi voluptas.\n\nRerum optio consectetur dolor. Quod praesentium corrupti voluptate voluptas in consectetur. Est officia voluptatem ipsa quas. Accusamus eveniet velit deserunt eos occaecati natus minima corporis.\n\nAd est quia ea tenetur et et. Quis dolorem tenetur nihil qui aut. Quo fugiat hic aut accusamus et quas atque officia.\n\nAspernatur tempora quasi repellat omnis assumenda animi quia. Ut necessitatibus eos cumque beatae nam nostrum velit. Et modi deserunt fugit dolor expedita recusandae. Sit et odio ratione deserunt voluptatum.\n\nEum in autem neque nostrum ut. Maiores similique esse voluptatum sunt quae corrupti. Neque numquam rerum quia exercitationem aut et. Ut nesciunt laborum ullam aliquam dicta et qui. Voluptatem beatae tempora omnis commodi et vel dolores.', '2023-10-19 13:27:10', '2023-10-19 13:27:10'),
(55, 'Rerum excepturi temporibus.', 'rerum-excepturi-temporibus', NULL, 97, 'Perspiciatis dolore ut cumque enim aliquid ipsam repudiandae facere. Accusantium quisquam recusandae fugit qui quam error libero. A et commodi qui eum. Quo molestiae voluptas necessitatibus.\n\nEveniet voluptas omnis ipsam rerum quas. Inventore voluptatibus est voluptatem dolores ut. Quis quos et vitae aut.\n\nItaque ex iure ducimus non nemo voluptatem excepturi. Placeat aliquam aut vitae molestiae enim ad culpa nesciunt. Aut consequuntur ea veniam voluptatem cupiditate.\n\nAccusamus enim accusamus provident dolorem nihil. Eligendi velit debitis voluptatum dolorem ut ut quaerat at. Est non quo officia ipsam ratione sit minima cumque. Sequi earum nemo facere aut labore. Amet sed quos autem doloribus ratione itaque enim.\n\nVoluptatibus dolorem qui aperiam. Alias odit iste quia sint illum error atque. Vel rem dicta voluptatibus modi. Omnis quia voluptatem optio id ea eum praesentium. Rerum labore ea illum quibusdam deleniti qui suscipit.', '2023-10-19 13:27:10', '2023-10-19 13:27:10'),
(56, 'Non non iure.', 'non-non-iure', NULL, 84, 'Impedit ut sit quia. Libero consequuntur sit nihil similique optio provident quia veniam. Dignissimos numquam aut et voluptas.\n\nDeserunt ipsam id qui nemo eum illum. Non perferendis tempore et aut ab illo quia et. Dolores dolor vel aliquam quo distinctio. Quis at ut et cum facilis laudantium blanditiis.\n\nDolor velit provident aut. Iusto temporibus voluptatum eum reprehenderit. Aliquid nulla quis ducimus expedita. Consequuntur qui expedita ut ratione velit voluptatibus. Pariatur aut aut aut et.\n\nEst at qui odio. Et dolorum natus qui quod maxime. Odio eum et quis sequi.\n\nEst neque eos itaque quia. Est consectetur quam autem officiis. Et praesentium aperiam ab quia.', '2023-10-19 13:27:10', '2023-10-19 13:27:10'),
(57, 'Odit eveniet.', 'odit-eveniet', NULL, 72, 'Odit nulla et et architecto laudantium hic ipsam. Et aut similique cupiditate omnis hic. Odio quisquam nihil quasi vel et officia.\n\nOmnis velit ut labore adipisci omnis sapiente dolore. Consequatur nihil vel dolorem voluptatem numquam pariatur. Sapiente harum et officiis.\n\nPlaceat dolores eligendi aliquam commodi. Et molestiae sint alias corporis. Odio ullam quasi blanditiis est quaerat. Sint quae mollitia ex est et. Ad numquam provident dolores et aut optio consequuntur.\n\nOptio quasi officia pariatur hic. In deleniti eos quia in animi aut. Qui consequuntur similique error quaerat. Eveniet qui debitis impedit. Saepe autem ab perferendis quia.\n\nMolestiae facere similique dicta ex et. Voluptatem sed reprehenderit rem consequuntur voluptate fugiat. Deserunt minus consectetur sapiente vel sequi. Ut porro ipsa sit in.', '2023-10-19 13:27:10', '2023-10-19 13:27:10'),
(58, 'Recusandae dolores ipsum.', 'recusandae-dolores-ipsum', NULL, 25, 'Suscipit debitis natus non magnam rerum aliquam perferendis. Expedita aut et consequatur nulla suscipit vitae consequatur. Sunt quod quo pariatur quidem. Necessitatibus omnis earum veniam adipisci et voluptatem repellat ipsum.\n\nVel non dicta incidunt eum. Dolores itaque reprehenderit amet maiores et. Reprehenderit debitis et et vero ea quod consequatur.\n\nQuibusdam possimus voluptate dolor laudantium. Aut rerum in tempora est pariatur. Architecto nihil quisquam id est et et soluta enim.\n\nEveniet voluptatum debitis aut quam eius laborum. Quae cupiditate enim ad porro commodi. Sunt omnis molestias labore ut ut illum. Alias quas nulla sint ipsa nostrum.\n\nEt deserunt voluptas necessitatibus. Dolores eos repudiandae id ut quia. Quasi consequatur aliquam eos officia.', '2023-10-19 13:27:10', '2023-10-19 13:27:10'),
(59, 'Aut ab expedita.', 'aut-ab-expedita', NULL, 69, 'Libero eveniet neque et exercitationem tempora vel. Quidem et quae et rerum numquam voluptate molestias. Nihil vero eos a voluptate et distinctio nemo. Consequuntur voluptatibus earum qui sint ea voluptatem.\n\nBeatae minus neque fugit voluptate. Quidem nobis eos perspiciatis vitae laboriosam unde. Nemo quas iusto quas vitae rerum laudantium modi quia. Omnis perspiciatis quibusdam est provident qui tenetur eos.\n\nLaboriosam ut nulla qui nihil iusto voluptatem rem et. Omnis totam veniam repellendus aliquam sed molestiae. Suscipit autem accusantium quod eius.\n\nNemo cum soluta est laudantium voluptas. Aut qui non corporis doloremque. Voluptatem corrupti velit deleniti et delectus omnis voluptatem rerum. Error illum dignissimos vel perferendis. Nemo magni tenetur quasi aperiam.\n\nVoluptatem quaerat sint expedita autem veniam necessitatibus magnam velit. Reiciendis perferendis recusandae et quibusdam ut explicabo doloribus. Officiis nisi tempore esse occaecati. Repellat animi non eaque tempore aliquam.', '2023-10-19 13:27:10', '2023-10-19 13:27:10'),
(60, 'Fuga magni quae.', 'fuga-magni-quae', NULL, 6, 'Est sed dolores doloribus saepe iure excepturi. Repudiandae dolor sint atque iusto. Ab ad laborum sunt voluptatibus.\n\nDignissimos debitis aut alias sapiente sed ex id. Architecto est explicabo reiciendis quo dignissimos hic. Magni consequatur voluptatibus voluptas ad repellendus mollitia. Est omnis ut ducimus officiis.\n\nQuia ducimus ea sequi architecto. Corporis incidunt in error.\n\nNemo sit qui laudantium iste harum possimus. Alias in error corrupti et culpa ipsum dicta. Voluptatem sequi fuga voluptatibus error qui. Fuga debitis nemo aut corrupti porro.\n\nSaepe dolorem voluptas numquam aut omnis modi. Nulla ut molestias id ab esse qui accusantium. Soluta ut ut dicta occaecati fuga nihil consequatur. Qui quia quidem sit voluptatum culpa doloribus non. Nostrum enim at omnis quo quisquam consequatur exercitationem.', '2023-10-19 13:27:10', '2023-10-19 13:27:10'),
(61, 'Est delectus.', 'est-delectus', NULL, 98, 'Consequatur aliquid qui et eum inventore. Dicta ad a enim consequatur est omnis expedita. Pariatur laudantium recusandae quibusdam laborum.\n\nVoluptas commodi ut eveniet officiis voluptas. Deleniti sed ea nesciunt beatae eum. Maxime sed nobis illo similique voluptas neque. Quam id libero praesentium nulla dolor nihil numquam.\n\nReiciendis eaque numquam ipsa eum iusto omnis distinctio. Sit culpa rerum eos autem. Occaecati magni illum asperiores sequi. Iusto aut vel similique.\n\nIn commodi corporis accusantium voluptatem. Sapiente est et hic et ut. Non deleniti quidem dicta quo. Qui consequatur labore explicabo quia dolor.\n\nAt molestiae ut sint consectetur. Et est modi corporis itaque. Recusandae ut sed molestiae ut.', '2023-10-19 13:27:10', '2023-10-19 13:27:10'),
(62, 'Accusamus sit.', 'accusamus-sit', NULL, 42, 'Aut qui minima ut. Voluptas alias animi libero assumenda tempora sed ea quam. Est rerum reiciendis laboriosam aperiam consectetur rerum. Qui dolorum voluptatum molestiae quam libero ex. Consectetur non tenetur voluptatem et animi.\n\nAssumenda facilis quaerat consequatur maiores velit et laudantium. Unde alias doloremque architecto vel et qui sit. A odit et laborum aut. Incidunt similique consectetur beatae eos laborum.\n\nCommodi non doloribus quo. Ut odio vel quaerat ut sit. Eaque repellendus labore qui ipsa commodi dolorem. Dolor sint nobis ut quae a dicta.\n\nAsperiores est sapiente ea suscipit aut corrupti voluptate. Ipsum eveniet ipsa et vel odio voluptatibus. Nesciunt debitis illum nulla adipisci eius dolor quibusdam. Deserunt illo molestiae eius consequatur quia totam. Qui a sit eaque quibusdam.\n\nFacere possimus asperiores deserunt beatae architecto qui. Inventore molestias nihil a quia et quod nobis. Maiores maxime nihil quae.', '2023-10-19 13:27:10', '2023-10-19 13:27:10'),
(63, 'Excepturi eos quis.', 'excepturi-eos-quis', NULL, 98, 'Sunt ducimus magni laboriosam illum nihil. Rerum neque est natus in. Voluptates doloribus qui iure id accusamus. Magnam omnis molestiae est repellendus maxime odio magnam eligendi.\n\nNisi aut ipsam dolor eaque fugit quaerat. Qui officiis dolorem iure quia quia dolore quae. Incidunt repellat illo et nam odit. Quo laboriosam optio voluptatem numquam.\n\nDelectus sed voluptatem omnis et. Voluptate et ut iure deleniti dolorem quas omnis delectus. Dolorem qui nisi et quo possimus. Qui sunt aliquid placeat alias.\n\nPraesentium tenetur aut quia animi nihil deserunt explicabo commodi. Eius quia repudiandae pariatur libero. Itaque culpa sint et officiis necessitatibus architecto fugiat. Aut in voluptate vitae eum aut ut vel.\n\nQuaerat qui aut necessitatibus architecto ab voluptate. Aut blanditiis maxime sequi sed ipsam sed aliquid. Laboriosam est sint unde velit.', '2023-10-19 13:27:10', '2023-10-19 13:27:10'),
(64, 'Illum dolores exercitationem.', 'illum-dolores-exercitationem', NULL, 35, 'Rem nobis rerum harum molestias nobis. Sint blanditiis perferendis magnam aliquid itaque. Cupiditate iusto perferendis qui earum. Minus sunt deleniti error beatae repellat nostrum dolorem.\n\nQui officia reiciendis et voluptatem dolorem facilis. Quia voluptates numquam delectus occaecati autem. Omnis quis qui aut asperiores.\n\nRepellendus veritatis similique in repudiandae autem est sit. Labore similique a ea. Voluptatibus quis vitae non. Praesentium commodi dolores mollitia sunt.\n\nEa molestiae nihil libero et qui rerum. Reprehenderit dolor omnis placeat ad.\n\nMinima quam aut quo praesentium dolores est inventore. Autem facilis nemo harum nostrum. Voluptatum occaecati quo quia non. Est ducimus aut molestiae omnis.', '2023-10-19 13:27:10', '2023-10-19 13:27:10'),
(65, 'Voluptas deserunt facilis.', 'voluptas-deserunt-facilis', NULL, 59, 'Fugit nemo consequatur id. Quam quia rem ad itaque nisi reprehenderit magni. Officia praesentium perspiciatis itaque vero. Accusantium dolor non nostrum maxime sequi fuga cum.\n\nQuisquam magni consequatur voluptatem ipsam. Doloribus molestiae velit et hic quaerat.\n\nEligendi quasi porro eaque ut non deserunt corrupti id. Tenetur rerum velit cum voluptas repellat. Modi est rerum perspiciatis architecto tenetur totam.\n\nQuia molestiae quia magnam cupiditate quibusdam. Ut cum magnam enim doloremque. Necessitatibus dolore officiis exercitationem est ullam.\n\nVeritatis non soluta quo excepturi. Ipsum alias optio facere deleniti. Eos autem cupiditate repellat qui dolor ea. Quasi dolorem aliquid aspernatur aut quod sint.', '2023-10-19 13:27:10', '2023-10-19 13:27:10'),
(66, 'Est maiores unde.', 'est-maiores-unde', NULL, 46, 'Sequi eius voluptatem iure eum. Excepturi maiores placeat tempora facere suscipit dolor eum.\n\nAtque qui nostrum mollitia ab distinctio earum voluptatibus. Deserunt officiis expedita et labore omnis quia. Vel porro voluptas dignissimos exercitationem alias rerum assumenda in.\n\nDolore ea culpa quo corporis tenetur sed et. Soluta a maxime laudantium odio deserunt neque. Culpa nobis dolorem maxime pariatur ullam facilis nisi. Doloribus deleniti qui aut eligendi dolorem quam temporibus.\n\nAdipisci quia cumque nam quas. Voluptatibus fugit voluptas a. Repellendus dignissimos quia commodi et est non.\n\nReiciendis exercitationem soluta adipisci delectus. Omnis dolorem ea cupiditate rerum expedita ipsum libero fugit. Nihil numquam molestiae sed voluptatem aliquid aliquam ea aut.', '2023-10-19 13:27:10', '2023-10-19 13:27:10'),
(67, 'Earum molestiae facere.', 'earum-molestiae-facere', NULL, 87, 'Atque libero omnis mollitia nobis impedit repudiandae. Tempore ullam voluptatem eum expedita soluta quo cumque. Voluptate nesciunt culpa suscipit quam et et fugiat similique. Totam animi voluptas reiciendis quia accusantium veniam excepturi iste.\n\nIllum quo aperiam possimus veritatis est. Dolore in sed aut reiciendis aut aliquam consequuntur. Optio animi voluptate quam quia sed rerum incidunt vitae.\n\nModi modi libero impedit nisi tenetur harum temporibus. Tempore rerum quibusdam et voluptatem laudantium quia odit. Voluptatum et pariatur enim dolorem ratione et ducimus.\n\nVelit sit vitae laboriosam quibusdam eaque. Delectus animi veniam consequatur maxime. Consequatur voluptas ut et autem sit totam.\n\nItaque ut sapiente omnis unde. Nihil nesciunt ad dolor dolores. Consequuntur in laudantium fugiat doloremque. Expedita dignissimos sit sint omnis.', '2023-10-19 13:27:10', '2023-10-19 13:27:10'),
(68, 'Sit veniam.', 'sit-veniam', NULL, 38, 'Qui a veritatis odit. Dolor enim dolores fugiat voluptas. Qui aut eum accusamus veniam non qui autem.\n\nOdio nam quidem consectetur quod occaecati dicta. Minima eius minus sed nihil quod qui quis. Eius et porro dolores. Eos aliquam qui soluta.\n\nQui id iure eum eius quia repellendus qui. Vel eum doloribus nostrum. Quis nisi facere placeat reiciendis et quisquam non.\n\nNatus beatae ad sed iusto. Ex eius laudantium voluptatem ut ipsam magni. Expedita ut quae quos fugiat magnam.\n\nDeleniti dolor ipsum sed quis. Alias fugit ea reprehenderit voluptate aut. Rem explicabo sapiente sit quod placeat repellat.', '2023-10-19 13:27:10', '2023-10-19 13:27:10'),
(69, 'Aliquid possimus.', 'aliquid-possimus', NULL, 88, 'Aut dolores provident aliquam reiciendis dignissimos odio. Dolorem earum iure pariatur voluptatem sunt quod. Veritatis cupiditate voluptate et aut.\n\nEligendi similique officia eum quo. Accusantium illum totam doloribus et aut culpa possimus. Et alias amet aliquid sed qui.\n\nIpsum sequi qui numquam nesciunt. Quia quod et atque accusamus qui. Quasi debitis qui aliquid dolore qui ad expedita. Quas ratione consequatur unde quo.\n\nNecessitatibus facere qui voluptatem doloremque quaerat rem quae ut. Provident tempore est et incidunt possimus dolorem voluptatem. Veniam doloremque dolores et odit nihil officia. Esse ut voluptatibus placeat blanditiis ea laudantium.\n\nEt ex consectetur aliquid. Consequatur quam delectus ea totam et.', '2023-10-19 13:27:10', '2023-10-19 13:27:10'),
(70, 'Nemo molestias.', 'nemo-molestias', NULL, 81, 'Doloremque nihil velit iusto nihil quae suscipit. Quae vitae dolore ea ipsam qui cum. Nesciunt velit atque omnis placeat molestiae.\n\nNecessitatibus rerum dignissimos voluptatibus amet dignissimos. Et quidem aut quis deserunt voluptas rerum. Non qui minus omnis repudiandae. Et dolorum sed tenetur voluptatem.\n\nIn aspernatur dolores alias nihil. Ad qui provident quibusdam quibusdam vel.\n\nAb enim accusamus eaque neque autem et deleniti. Ipsa unde quos odit velit consequuntur voluptas quia. Eum doloremque deserunt voluptatum similique.\n\nCorporis dicta temporibus blanditiis rerum sint omnis. Accusantium similique et quidem saepe unde earum. Eos accusantium nihil est id illo error.', '2023-10-19 13:27:10', '2023-10-19 13:27:10'),
(71, 'Aut atque.', 'aut-atque', NULL, 86, 'Consequuntur alias ut suscipit qui est fuga nobis. Quibusdam nam nobis ut iure tenetur. Est ut cumque unde veniam omnis animi. Vero voluptate in ut expedita expedita asperiores sint.\n\nVoluptas aliquam ullam saepe. Impedit est officiis delectus voluptatem quia. Cumque dolores hic velit suscipit quos. Voluptatibus ad voluptatem unde ut necessitatibus provident.\n\nVeniam est rerum consectetur voluptas repellat. Veritatis vel voluptates laudantium qui quibusdam eos dignissimos. Totam quae repudiandae nihil debitis expedita. Rerum qui illum non sunt quod quia laborum labore.\n\nSit vitae voluptatem autem iste quos. Quasi sed non hic reprehenderit ut fuga dicta. Est dolores numquam velit necessitatibus porro. Voluptate repellat est dolores quisquam.\n\nSaepe facere quidem mollitia laudantium facere et fuga. Quis sequi eius beatae alias aut. Sed ab ea sit dolorem qui omnis neque quia. Est fuga odio voluptatem rerum voluptas ut molestiae.', '2023-10-19 13:27:10', '2023-10-19 13:27:10'),
(72, 'Odio asperiores.', 'odio-asperiores', NULL, 69, 'Magni consectetur eaque dolor quis labore aut laboriosam. Esse ut et nisi hic eos. Quo corrupti et ab aut sapiente in. Voluptatem et eligendi saepe soluta rerum amet ipsam.\n\nMaxime aut eum nostrum dolor et. Nesciunt aliquid sit magnam reprehenderit est. Porro voluptates expedita dolores aut aut. Eaque nostrum et eligendi illum aut. Voluptatem expedita nesciunt consequatur minima.\n\nOptio quidem aperiam facilis cum libero. Praesentium non molestiae porro qui quo ratione.\n\nAutem eum enim nemo rem ipsa dolor. Itaque assumenda ipsam ab dicta velit et eos. Tempora odio distinctio totam facere nam quam.\n\nExcepturi repellendus quae pariatur enim. Praesentium et laborum assumenda. Ipsa qui excepturi rem voluptas ut odio.', '2023-10-19 13:27:10', '2023-10-19 13:27:10'),
(73, 'Error quos.', 'error-quos', NULL, 75, 'Laborum pariatur voluptas rerum officia voluptatem. Et tempore pariatur quo possimus quidem voluptatum rerum.\n\nItaque explicabo et incidunt voluptate. Soluta rem incidunt hic qui veritatis consequatur. Corrupti consequatur quo exercitationem voluptate vero enim voluptates ratione.\n\nSoluta maiores molestiae harum repellendus quis assumenda. Impedit tempore dolor suscipit voluptatem eveniet est. Est voluptatem molestias omnis dicta saepe et quisquam. Dolores sint molestias numquam.\n\nAutem exercitationem omnis amet. Enim corrupti reiciendis est in soluta quia. Maiores harum autem vel aut id.\n\nQuisquam et aliquid maiores suscipit voluptatem velit. Voluptas necessitatibus aut qui dolores quo voluptatem. Ut molestias provident nihil dicta laboriosam.', '2023-10-19 13:27:10', '2023-10-19 13:27:10'),
(74, 'Consectetur animi.', 'consectetur-animi', NULL, 93, 'Quas ut voluptas harum tempore ut ducimus iste saepe. Sed commodi possimus sit. Sed temporibus animi mollitia aut. Aliquam nesciunt omnis praesentium cumque quasi.\n\nBlanditiis sunt blanditiis praesentium quia. Quas quo ipsum eos autem qui sequi. Sint hic voluptatem consequatur facilis.\n\nExcepturi porro quidem quia ut nobis at quam culpa. Qui accusamus quibusdam amet labore fuga quaerat non. Inventore dolores recusandae dolorum dignissimos. Ut id voluptatem voluptatibus repudiandae quia.\n\nEum ut eaque impedit. Est minus voluptas ea nihil qui. Quia ratione nulla vero recusandae quidem iusto natus. Quasi quidem maxime neque et.\n\nOfficia quam minus aut sint ut optio accusamus excepturi. Quo harum dolores et commodi libero sunt sed. Enim maxime ut labore porro. Doloribus et quasi facere voluptate.', '2023-10-19 13:27:10', '2023-10-19 13:27:10'),
(75, 'Reiciendis dolores aspernatur.', 'reiciendis-dolores-aspernatur', NULL, 64, 'Ad officiis repellat nam soluta occaecati fugit. Aut ipsa amet aut iste porro cum repellat. Quo laborum ab accusantium consequatur sequi id natus. Impedit culpa non et accusantium aliquid.\n\nCorrupti rerum voluptate adipisci aut velit impedit. Nemo quasi eligendi aspernatur voluptates ullam. Perferendis sit et omnis et qui ducimus est.\n\nAut est excepturi dolore illum iure quae exercitationem. Molestias laborum enim et excepturi modi expedita. Sequi deleniti nisi fugit tenetur sequi et.\n\nDistinctio amet sed eius nihil aut et et corporis. Dolorem dignissimos et sit illum. Sed consequatur pariatur consequatur sapiente laborum numquam error.\n\nInventore aliquam amet iure dignissimos. Omnis voluptatem quia omnis velit voluptas aut dolores. Ut eius assumenda incidunt voluptates. Minus culpa in rem rerum.', '2023-10-19 13:27:10', '2023-10-19 13:27:10'),
(76, 'Quae quaerat cumque.', 'quae-quaerat-cumque', NULL, 30, 'Ratione magni voluptates labore ut odio a. Quam et est qui totam ipsum. Est inventore ratione dolorum alias placeat.\n\nLaudantium consectetur dolorem nihil laudantium. Aspernatur odio saepe et aut quia voluptas ea. Quasi eum ut rerum nesciunt. Rerum et earum et. Omnis sint nulla error optio necessitatibus ad.\n\nIpsum in dolorem tenetur nesciunt iure libero. Odit optio illum ut qui autem itaque. Ad dignissimos dolorum dolores dolorem est odio sint. Autem alias consequuntur quis esse.\n\nEsse dicta qui error iure. Ut voluptas maxime ad nihil qui dicta deleniti possimus. Impedit ipsa quidem voluptatem amet et.\n\nUt nobis accusantium suscipit eligendi error ut rerum. Blanditiis cumque enim sed ea et rem incidunt qui. Non repellat minima qui quibusdam corrupti culpa. Et quia ratione praesentium quas possimus aspernatur.', '2023-10-19 13:27:10', '2023-10-19 13:27:10'),
(77, 'Sed dignissimos.', 'sed-dignissimos', NULL, 35, 'Expedita aut reprehenderit dolores corporis facilis quia libero. Iste quia aut voluptatem voluptate exercitationem modi consequuntur. At consequatur corrupti velit.\n\nAperiam enim aut itaque corporis sed commodi. Qui occaecati commodi repudiandae rerum voluptatem quia optio. Et maxime assumenda eum consectetur eligendi sit asperiores.\n\nExercitationem accusamus quia itaque tempore hic esse id. Dolorem quo porro nemo sed ipsam incidunt quae rerum. Nisi voluptatem et modi consequatur quod. Est aliquam sint cupiditate veritatis voluptatem adipisci eum.\n\nExpedita est dolorem libero deserunt ad rerum ullam. Non temporibus rem nostrum ut sapiente. Minus voluptatem porro voluptate qui. Et est blanditiis est dolores ut ad cumque.\n\nEt mollitia repudiandae officia aut. Molestias sunt beatae iste autem sed ipsa. Voluptatem consectetur quia distinctio qui corporis.', '2023-10-19 13:27:10', '2023-10-19 13:27:10'),
(78, 'Consectetur similique.', 'consectetur-similique', NULL, 26, 'Sint dolorem omnis ipsa voluptatem velit. Magnam quas saepe inventore maiores sed sit. Inventore sed voluptatum omnis eum sequi et saepe. Temporibus provident quas repellat tenetur iste voluptas. Dicta laudantium et dicta debitis quia expedita.\n\nVel qui distinctio consequatur labore qui. Suscipit incidunt laboriosam quos sapiente. Iste eligendi veniam expedita qui perspiciatis deleniti earum. Hic nostrum qui ut ea voluptas.\n\nAsperiores delectus aliquam voluptatibus nostrum. Voluptatem soluta odio ad est in aut et. Nihil accusamus rem officiis iure perferendis ut.\n\nEt est dolorum explicabo corporis similique. Est eligendi id dolores aut. Voluptatibus assumenda accusamus et laudantium voluptatem quos. Ab ut aperiam voluptas quia nesciunt libero.\n\nCumque ut qui tenetur aliquam consectetur magnam id temporibus. Eum sit sit nihil quia occaecati iure. Tempora nemo aut aliquam.', '2023-10-19 13:27:10', '2023-10-19 13:27:10'),
(79, 'Totam molestiae.', 'totam-molestiae', NULL, 60, 'In sit aut autem est minus laborum. Vero corrupti doloribus tenetur qui nihil quidem rerum.\n\nEveniet odit ipsam neque tenetur ullam. Pariatur et et optio consequatur qui illo. Temporibus ut minus aut velit inventore.\n\nVoluptas quibusdam adipisci modi itaque accusamus in quae. Tempore maiores est numquam iure consequuntur aspernatur. Necessitatibus qui atque eveniet aut consequatur. Quis eius repellat et esse perferendis rerum assumenda.\n\nNulla in deleniti tempore et ut quia. Architecto enim non dolorem dolor porro occaecati.\n\nRatione qui voluptas ea quia. Voluptatem error neque qui qui illum provident. Enim enim vel sit et et expedita.', '2023-10-19 13:27:10', '2023-10-19 13:27:10'),
(80, 'Iste voluptates perspiciatis.', 'iste-voluptates-perspiciatis', NULL, 89, 'Corrupti exercitationem ab voluptates voluptate debitis saepe enim. Quisquam consequatur debitis ex aperiam dolore nisi.\n\nRem ducimus occaecati quia molestiae corporis quidem voluptatibus. Dolore consequuntur laborum atque laboriosam sit. Labore aspernatur ab aliquid dolore quia.\n\nVero sunt repellendus dolorem sint necessitatibus deleniti ut. Quae omnis sunt vel omnis. Nihil quam animi distinctio totam veritatis nobis alias. Earum mollitia sint ut voluptatem facere dolorem.\n\nMollitia et nihil quos vero accusamus. Aliquid aut eligendi ut. Quos possimus sequi id quasi. Alias omnis ut deleniti consequatur et voluptas modi et.\n\nDicta totam suscipit vero rem sit. Nesciunt placeat ad error in doloremque non ducimus qui. Eum cupiditate ipsam sit ut sit sed.', '2023-10-19 13:27:10', '2023-10-19 13:27:10'),
(81, 'Qui et.', 'qui-et', NULL, 53, 'Quo dolorem voluptates ea. Rerum aliquam sed laboriosam deserunt fugit accusantium officia. Ullam et quo quisquam cumque omnis nostrum autem fuga.\n\nEa enim sunt velit hic nobis a cumque. Aliquid dolores aspernatur possimus aliquam quasi eligendi commodi perferendis.\n\nQuia quisquam et explicabo cum excepturi natus perferendis. Beatae rerum unde voluptatem pariatur quibusdam eos consectetur. Quo occaecati non quo sint.\n\nVoluptatem sint assumenda eos aut debitis et atque. Quasi culpa consequatur numquam exercitationem aliquam. Fugiat accusantium officiis qui officia sint mollitia corporis. Qui earum sed omnis quos facilis dolorem deleniti veniam.\n\nVoluptate exercitationem eius adipisci. Et facere ex et ea veniam quibusdam voluptatem ratione. Est aspernatur voluptas esse eligendi voluptatem voluptates veniam.', '2023-10-19 13:27:10', '2023-10-19 13:27:10'),
(82, 'Architecto earum tempora.', 'architecto-earum-tempora', NULL, 9, 'Facilis officia aut qui. Est fugit dolorem quae. Cupiditate laborum aut quibusdam vel qui quis est. Nihil atque sit ab recusandae.\n\nEt sunt voluptatem rerum quia est harum recusandae. Illum aut et autem sequi aspernatur nihil omnis. Expedita placeat quos aspernatur sed iste et. In ut aut repellat mollitia pariatur.\n\nOccaecati tenetur et dolorem recusandae est. Eos repellendus iusto qui culpa quasi voluptatibus.\n\nOmnis autem voluptatem sequi ut. Consequuntur ut mollitia illo facere. Doloremque et non ipsum et sint. Delectus accusamus placeat enim autem autem.\n\nTempore perspiciatis et ex rerum voluptatem magnam odit. Rem sed est unde. Dolore quos odio molestias veniam exercitationem est. Debitis iste eos similique laborum.', '2023-10-19 13:27:10', '2023-10-19 13:27:10'),
(83, 'Aliquid a laborum.', 'aliquid-a-laborum', NULL, 42, 'Officia optio laborum enim molestiae aut et. Voluptas quia aut fugiat cum dolorum eaque quod. Voluptate voluptatem libero earum eveniet perferendis. Sit aut a cupiditate esse harum assumenda deleniti doloremque.\n\nConsectetur repellat quidem quo quam fugit aut qui. Quisquam doloremque rerum necessitatibus reprehenderit doloribus illo quia quas. Quisquam harum et quam veniam.\n\nAspernatur animi exercitationem libero mollitia quo velit magni. Sunt in fugiat est aut velit cumque tempore aut. Veniam voluptas animi nostrum ullam omnis. Sed qui ab optio.\n\nAssumenda earum id sequi aspernatur. Voluptatem ut modi sint minima. Beatae ut in quod et.\n\nDeserunt dolor quia autem. Aut modi illo adipisci natus. Quasi omnis enim est ut.', '2023-10-19 13:27:10', '2023-10-19 13:27:10'),
(84, 'Ut culpa.', 'ut-culpa', NULL, 32, 'Modi dolorem numquam aliquam quis. Assumenda expedita velit at eum debitis. Rerum nihil atque dolore et qui saepe. Cum ipsum vero repellat.\n\nIncidunt dolore ut voluptatem quibusdam et ea. Quo voluptatem ab tenetur mollitia recusandae adipisci perferendis. Aut soluta ducimus sunt quisquam. Quasi et sint aut ipsam dolores.\n\nEt id non est sequi suscipit similique. Veritatis quos distinctio iure sed quia. Vero mollitia officiis possimus consequatur et temporibus. Cupiditate expedita officia maxime sapiente sint sint natus. Id quae rem vitae saepe.\n\nEt pariatur delectus quia aut fugit voluptatibus voluptatem. Nisi id asperiores iusto eius est vel. Corrupti enim beatae reiciendis quo et ut.\n\nNeque omnis ipsa nihil illum natus tempora. Earum aut dolores ea molestiae mollitia officia voluptas dolorem. Expedita repellendus mollitia ipsam adipisci. Eos culpa et est officiis totam labore eos expedita.', '2023-10-19 13:27:10', '2023-10-19 13:27:10'),
(85, 'Qui unde in.', 'qui-unde-in', NULL, 51, 'Reprehenderit minima ut est alias consequatur dolore tempora. Non in et neque explicabo. Vitae enim ipsum dolorem in maiores laudantium consequatur. Sunt beatae eum porro numquam.\n\nAb quia qui saepe atque. Voluptate sit tenetur qui occaecati quis debitis sint. Aspernatur et aut iusto enim non et. Voluptas ut cum ducimus. Quo adipisci aspernatur consequatur placeat facere.\n\nQui velit ad culpa ipsum aperiam et. Inventore sunt possimus dolor sunt est vero voluptas. Minima sunt distinctio ipsum voluptatem eveniet magnam quod. Odit laudantium sint quaerat voluptas eveniet et nesciunt.\n\nAb saepe nam dolore et. Voluptatem ullam porro quia error perferendis blanditiis. Aut maxime saepe distinctio eveniet iusto enim et. Est labore porro dolor enim.\n\nDolorem sequi maiores perspiciatis id quia. Consequatur doloribus vel qui aperiam aut in est sunt. Rerum cum tempore nulla vel illum et consequatur. Enim est temporibus saepe unde.', '2023-10-19 13:27:10', '2023-10-19 13:27:10'),
(86, 'Minus dignissimos ut.', 'minus-dignissimos-ut', NULL, 28, 'Voluptatem non excepturi nam ut voluptas aut. Eveniet facilis fugit sunt nihil. Laboriosam voluptatibus velit molestiae aut.\n\nSed dolore numquam praesentium similique aliquam ea. Et facere enim accusantium consequatur cum saepe qui similique.\n\nQuaerat quos quos quia amet aut fugit eos. Quo nostrum non cumque ut odio et facilis dolores. Error pariatur officiis et repellendus officia. Aut assumenda commodi ut quis. Hic et similique aliquid nobis voluptatum.\n\nIure unde saepe non ut qui est. Maiores alias magni quo perspiciatis qui suscipit enim. Fuga perspiciatis consequatur molestias et sint.\n\nEius in quisquam nostrum. Facilis occaecati quasi dolorem impedit quia. Odit non magni voluptatem iste ex in. Architecto dolorem sapiente et aut quaerat ullam veritatis.', '2023-10-19 13:27:10', '2023-10-19 13:27:10'),
(87, 'Praesentium omnis.', 'praesentium-omnis', NULL, 30, 'Consequatur voluptatem et voluptatibus possimus est. Est sit eaque nihil unde fugit.\n\nQui ut suscipit est incidunt. Quod dignissimos aspernatur et omnis et. Qui dolor adipisci dolorem debitis.\n\nLibero quisquam sint et qui incidunt animi iusto. Veritatis tenetur fuga reprehenderit veritatis maxime ad porro aut. Sequi ut sunt officiis omnis temporibus.\n\nAperiam veniam impedit quia totam. Ipsam in maiores et quasi debitis quis. Eveniet voluptatum debitis praesentium occaecati.\n\nPerspiciatis tenetur voluptatem mollitia voluptatem. Animi cumque enim nemo velit qui itaque sit sit. A nulla qui sit quaerat ullam saepe eos. Dolores quam possimus est expedita.', '2023-10-19 13:27:10', '2023-10-19 13:27:10'),
(88, 'Tempora odit impedit.', 'tempora-odit-impedit', NULL, 54, 'Et aspernatur nihil voluptate sit velit sed molestiae neque. Natus ut enim quis repellat dolor aut itaque. Veritatis praesentium magni libero omnis. Est rerum animi perferendis dolor deserunt itaque. Quisquam odit odit numquam est.\n\nDolor est nostrum nisi nisi et ipsa. Ea aut ex repellat impedit deserunt quia iste. Necessitatibus sed aut commodi. Eveniet cupiditate odit reiciendis sint porro dolorum nesciunt atque.\n\nNeque earum eveniet nostrum doloremque excepturi ipsa eos molestiae. Assumenda quia deserunt qui odio. Recusandae blanditiis minus totam nostrum architecto error. Et id tenetur voluptatem.\n\nEt est blanditiis dignissimos laudantium. Nostrum odit nemo dolorum ut aut. Et est ut laborum laborum ut.\n\nSequi quisquam qui consectetur labore facere deserunt praesentium. Quo assumenda aut aliquam aut et facere. Quas sit dolor velit et veniam blanditiis. Quasi sint provident unde id nobis ut.', '2023-10-19 13:27:10', '2023-10-19 13:27:10'),
(89, 'Sint magnam.', 'sint-magnam', NULL, 54, 'Consequatur animi atque voluptatem. Et aut nobis dolorum. Asperiores quaerat eius maxime ut et.\n\nSaepe culpa consectetur perferendis quam aut dignissimos vero. Atque natus optio aperiam praesentium deserunt. Saepe occaecati sit nostrum nisi facilis amet labore similique.\n\nPariatur quis est et fugit qui. Suscipit suscipit tempore sequi maiores sapiente voluptatibus quo. Laborum debitis placeat corporis unde eius quidem enim. Asperiores sit voluptatem sit illum.\n\nQui rerum aliquid aliquam necessitatibus reprehenderit. Dignissimos nam reprehenderit voluptatem molestiae veritatis architecto nihil commodi. Voluptas sit iure placeat perspiciatis.\n\nAccusantium consequatur eum incidunt fugiat consequatur voluptates. Placeat ea autem voluptatem iusto. Mollitia aspernatur quia atque fuga.', '2023-10-19 13:27:10', '2023-10-19 13:27:10'),
(90, 'Nesciunt repudiandae totam.', 'nesciunt-repudiandae-totam', NULL, 30, 'Tempora vero est numquam eveniet distinctio sed. Nulla autem architecto dolorem corporis officia. Est enim aliquid rerum sit error accusantium.\n\nMinima minima dolore quas ipsam in. Ut delectus vitae sed minima. Commodi pariatur alias accusamus quis delectus excepturi. Sed dolorem adipisci consequatur illo dolorum. Eos et dolores autem facilis voluptates.\n\nUt ab pariatur aut enim in. Deserunt est blanditiis quibusdam ea reprehenderit est maiores neque. Quia omnis qui dolor vero rem rerum aut.\n\nVel quibusdam est temporibus non eaque quis. Eligendi dolorem culpa qui explicabo necessitatibus eos ex. Quos labore veritatis voluptates dolores dolore.\n\nMolestias quis quis a et excepturi ullam veritatis veritatis. Possimus consectetur at odio voluptas tempore quibusdam. Molestiae consectetur quo quam asperiores odio quos exercitationem.', '2023-10-19 13:27:10', '2023-10-19 13:27:10'),
(91, 'Voluptatem tempore.', 'voluptatem-tempore', NULL, 47, 'Quia repellendus ea ut sed consectetur est. Aliquam eos possimus exercitationem dolor ducimus doloribus. Et quasi rem eum at nesciunt assumenda. Quia eum et dolorem necessitatibus quod quia qui.\n\nAnimi autem soluta illo veritatis fuga natus ut. Provident quis maxime labore et. Commodi ducimus repellendus accusamus praesentium rem.\n\nEarum maiores occaecati quia quia natus. Quasi et ipsa non commodi fugiat eum non. Numquam ut odio doloribus et amet. Aut magni dolor iure soluta in. Voluptate magni recusandae ducimus officiis.\n\nEum perspiciatis fugiat est reiciendis error nostrum. Vero iste doloribus et eum. Facere illo sapiente sit. Et dolores numquam dicta sed deserunt.\n\nNihil suscipit incidunt veniam accusantium occaecati adipisci. Cum modi facere voluptates culpa quaerat iusto molestias. Sunt quidem dolorem quia voluptas.', '2023-10-19 13:27:10', '2023-10-19 13:27:10'),
(92, 'Eveniet expedita reiciendis.', 'eveniet-expedita-reiciendis', NULL, 31, 'Incidunt harum porro recusandae deleniti incidunt non. Vero dolor a ea reiciendis sunt incidunt eaque. Libero sequi incidunt consequatur ducimus alias repellendus aut.\n\nDistinctio nobis error ipsum quia quos. Ullam magnam rerum quibusdam et sed. Modi at accusamus voluptatibus nulla id. Odit perspiciatis eligendi dolores itaque ut in occaecati.\n\nArchitecto veniam consequatur est dolor sed blanditiis. Non porro totam eos sint. Aliquid ab fugiat doloremque enim. Maxime voluptatem repellendus tempore vero itaque consequuntur odio. Earum sit quibusdam facilis saepe quis saepe et.\n\nQuia aut id qui itaque molestiae. Reiciendis harum qui culpa incidunt et saepe.\n\nIure possimus vel asperiores iure fugiat in. Non at sequi ut ab excepturi. Repellat voluptas blanditiis sunt sed expedita iusto. Quasi nulla quis ut voluptate laboriosam accusamus commodi.', '2023-10-19 13:27:10', '2023-10-19 13:27:10'),
(93, 'Repellat vel.', 'repellat-vel', NULL, 35, 'Rerum modi architecto ea deleniti modi. Et rem et possimus necessitatibus. Veritatis pariatur magnam dolore pariatur. Qui ea illo porro.\n\nIure unde quasi est quia fuga. Alias nemo ducimus vel quos. Voluptatibus illo minima dolores voluptas cumque et cum est. Doloribus vero minus et quasi.\n\nDolorem est et non delectus repellendus cupiditate nam. Iste rerum officia amet est. Nisi ea quis itaque nobis quia quia nihil dolorem.\n\nCupiditate eveniet hic mollitia assumenda sed. Odio corrupti ducimus dicta dolores nulla laboriosam. Labore ipsa ut ad. Ut qui vel rerum accusantium consequatur quae nostrum.\n\nLibero rerum quis qui et necessitatibus. Veritatis minima mollitia sed et voluptate quia. Ducimus ipsa quis consectetur ratione quam. Sint voluptatem voluptates cum in voluptatem sit.', '2023-10-19 13:27:10', '2023-10-19 13:27:10'),
(94, 'Rerum at.', 'rerum-at', NULL, 45, 'Reprehenderit repellendus blanditiis non. Rerum maiores enim ab commodi. Voluptatem dolorem placeat laudantium aut reiciendis. Consequatur repellendus quae est minus sit illum tempore. Magni maiores deleniti dolores eum eum est.\n\nRepudiandae beatae esse sed voluptatem impedit in. Autem reiciendis tempora velit ut. Dolor eum provident illum iure officia corrupti corporis.\n\nConsectetur nemo nihil alias. Possimus totam mollitia mollitia eveniet esse dicta labore. Delectus eligendi quia sit perferendis consequatur cupiditate nihil earum. Aspernatur omnis id et dolor consectetur.\n\nVeniam est ullam dolor aperiam sequi excepturi sequi. Dolore unde unde id voluptates maiores consequatur. Incidunt reprehenderit perspiciatis animi et et. Optio architecto quia doloribus. Eaque quaerat laudantium asperiores voluptatem velit.\n\nOfficia est fuga dolor eum. Dolor qui ipsum nostrum. Consequatur autem aut sit eveniet laudantium exercitationem exercitationem.', '2023-10-19 13:27:10', '2023-10-19 13:27:10'),
(95, 'Consequuntur qui quaerat.', 'consequuntur-qui-quaerat', NULL, 72, 'Autem soluta reiciendis at officiis. Sed voluptatem magnam ipsa. Nemo ducimus impedit iure expedita mollitia.\n\nAut dolor pariatur qui dolor ut. Ut libero atque temporibus ab esse illo. Sit et qui voluptatem voluptate. Consequatur eligendi consequuntur voluptatem quo placeat illum.\n\nEa iure earum id id eaque et quas. Eos reiciendis commodi ipsam quidem cumque. Dolor ipsum id eum ducimus sint sit.\n\nAut aut dolores non et minima tempora voluptas. Sapiente deleniti est consequatur cumque ut doloribus. Enim qui accusamus laudantium harum expedita velit. Dolorem laborum repellendus qui occaecati voluptates.\n\nPerspiciatis repellendus sed nostrum voluptatem magni et qui nesciunt. Iure quia est alias aliquid consequatur veniam. Rerum occaecati quae natus dolorem sequi. Ducimus architecto esse perferendis minima soluta.', '2023-10-19 13:27:10', '2023-10-19 13:27:10'),
(96, 'Vitae omnis temporibus.', 'vitae-omnis-temporibus', NULL, 15, 'Ex repellendus et voluptatem voluptatem esse et. Sit vel quo minus ipsam error earum aut. Saepe dolore sunt et fugiat.\n\nVoluptatem perferendis est illo unde illum occaecati deleniti. Molestias blanditiis voluptatem libero placeat. Omnis quod illo et dolor dolorum quod quos. Ut harum autem ut ipsum eum ad.\n\nAccusamus iste laudantium non. Tenetur ullam dolorem aut sunt perspiciatis non. Tenetur quas qui totam qui earum.\n\nAliquid molestias aut minus. Non nihil ipsa porro id qui. Itaque quam deleniti quo quas voluptate quibusdam exercitationem. Veritatis molestias similique unde quae ipsam vitae qui.\n\nMolestiae harum velit iusto quia et dolor. Sequi accusamus numquam saepe explicabo maxime voluptas. Dignissimos libero et quis quaerat occaecati.', '2023-10-19 13:27:10', '2023-10-19 13:27:10'),
(97, 'Voluptatem impedit sit.', 'voluptatem-impedit-sit', NULL, 74, 'Deleniti nulla reiciendis ducimus qui. Maxime cupiditate libero sequi non labore. Modi qui ratione provident odit. Qui aut alias quod maiores officia.\n\nSed doloremque et veniam est et ab. Culpa omnis ea occaecati repellendus vero excepturi officiis.\n\nVeniam harum enim earum sit quis non. Unde expedita id hic ullam qui sit in. Est tempora dolorum unde ex fugiat. Quam et occaecati ratione et id qui.\n\nEst ipsa minus ratione hic esse quam qui. Odio id quia ut illum vel voluptate. Ratione sed voluptate dolore officia illum fugiat dolores. Dolorem est rerum repellendus impedit voluptatem ad eos fuga.\n\nQuis excepturi consectetur nihil autem et soluta. Sed ducimus eveniet quasi iusto ea amet omnis est. Eum quia soluta accusantium neque. Quia voluptatum molestias quod nulla autem qui voluptas vel.', '2023-10-19 13:27:10', '2023-10-19 13:27:10'),
(98, 'Rem non corrupti.', 'rem-non-corrupti', NULL, 66, 'Vero rerum asperiores voluptatum tempore amet dolore. Enim vero eveniet voluptatibus occaecati. Libero quia sit unde ullam rerum.\n\nAut blanditiis porro maxime expedita rerum nihil quis. Labore est rerum iusto. Quis voluptatem ut ullam perferendis fuga itaque.\n\nCumque illo incidunt recusandae. Eum est velit eaque numquam voluptatem rerum eligendi. Officia rem voluptatem quia accusantium.\n\nLibero non perspiciatis officia et ea quasi officiis est. Sit rerum ipsum amet libero. Earum assumenda enim iure ipsa. Quis doloremque officiis sint vel ipsam omnis.\n\nRerum vel aliquam hic sequi. Autem qui quod ut quisquam eum sint molestiae ut. Nihil et velit et est delectus. Molestiae reiciendis voluptatem sed deleniti.', '2023-10-19 13:27:10', '2023-10-19 13:27:10'),
(99, 'Assumenda praesentium ut.', 'assumenda-praesentium-ut', NULL, 10, 'Minus perferendis eos in dolorem. Sit omnis et nam placeat dicta perspiciatis. Porro error et quod reiciendis ullam omnis alias. Beatae provident pariatur laborum deserunt ut consequatur asperiores error.\n\nRepellat sed iure eum adipisci ut impedit. Vero quia eveniet nemo dignissimos eius natus enim. Officia illum voluptatem ratione. Atque labore voluptas tempora.\n\nVeniam saepe quis beatae. Natus magnam ipsam repellendus animi sequi. Aut est neque molestias dolor sed consectetur at. Dolorum voluptatum totam accusantium molestiae quasi.\n\nQuis ut quis et ea dolore quis quia. Ullam unde voluptatum aperiam ullam inventore qui. Eos officiis magni ut et expedita dolorem. Et commodi excepturi alias tempora.\n\nNostrum ratione modi aliquam. Sed temporibus autem praesentium quod repellat et. Sit enim totam voluptas reprehenderit molestias delectus qui vero. Adipisci eum dolor culpa error tempore sed.', '2023-10-19 13:27:10', '2023-10-19 13:27:10'),
(100, 'Fugiat unde.', 'fugiat-unde', NULL, 16, 'Officiis aliquam et voluptatem facilis consequatur. Dolor tempore et culpa laborum deleniti autem at quaerat. Ab in consequatur molestiae ut.\n\nDeserunt corrupti eos sapiente consequatur. Fugiat qui est voluptatem delectus aut veniam aut. Quia sunt a sint quod exercitationem et qui. Doloremque nostrum dicta dolores temporibus omnis ut vero.\n\nAut ut tempore quisquam veniam quo voluptas ipsam maiores. Dolorem doloremque cum quisquam eum. Velit saepe dolor et repellat esse cumque. Est dolor ducimus numquam occaecati explicabo consectetur. Minima at tempora similique molestiae facere dolor facilis quae.\n\nLabore sed est quas eius. Placeat rerum nulla et ratione fuga iste reprehenderit. Sunt cumque voluptatem dolore id. Optio voluptas laboriosam amet fugit ut nihil itaque.\n\nAutem quaerat ducimus est rerum consequatur eos. Perspiciatis hic molestiae est libero ex qui perspiciatis distinctio.', '2023-10-19 13:27:10', '2023-10-19 13:27:10');

INSERT INTO `replies` (`id`, `user_id`, `post_id`, `comment_id`, `reply`, `created_at`, `updated_at`) VALUES
(1, 55, 44, 10, 'Laboriosam quaerat sed ipsum a. Ut et numquam et suscipit. Similique praesentium aut cumque sint laboriosam. Quia minima enim dolorum et qui voluptatibus.', '2023-10-19 13:27:13', '2023-10-19 13:27:13');
INSERT INTO `replies` (`id`, `user_id`, `post_id`, `comment_id`, `reply`, `created_at`, `updated_at`) VALUES
(2, 3, 78, 6, 'Perspiciatis velit quaerat nihil fugiat dolore et. Et et cupiditate ut aperiam. Deserunt tempora dolores ut. Molestiae hic perferendis et possimus odio fuga.', '2023-10-19 13:27:13', '2023-10-19 13:27:13');
INSERT INTO `replies` (`id`, `user_id`, `post_id`, `comment_id`, `reply`, `created_at`, `updated_at`) VALUES
(3, 36, 47, 63, 'Ea molestiae cupiditate et et tempore voluptas. Cupiditate sequi optio explicabo incidunt ipsum voluptates. Saepe vitae quia quo animi recusandae. Aut nemo quo consequuntur excepturi.', '2023-10-19 13:27:13', '2023-10-19 13:27:13');
INSERT INTO `replies` (`id`, `user_id`, `post_id`, `comment_id`, `reply`, `created_at`, `updated_at`) VALUES
(5, 94, 4, 36, 'Autem qui non nobis hic dolorum sint. Amet veritatis odit laudantium voluptas est et. Voluptatem voluptas necessitatibus delectus fugiat sed sed laudantium vero. Dolores pariatur dolor ad neque quos.', '2023-10-19 13:27:13', '2023-10-19 13:27:13'),
(6, 46, 74, 62, 'Asperiores qui dolor vitae eius. Laudantium aut sunt officiis recusandae qui in. Voluptates quisquam rerum exercitationem.', '2023-10-19 13:27:13', '2023-10-19 13:27:13'),
(7, 47, 90, 88, 'Deleniti et impedit error animi optio et blanditiis. Officiis rerum ut qui. Consequatur est quae vel quisquam rem molestiae. Temporibus nostrum non quibusdam modi.', '2023-10-19 13:27:13', '2023-10-19 13:27:13'),
(8, 51, 100, 44, 'Animi laborum quam molestiae ipsa eum id. Provident nisi non laudantium qui. Rerum hic excepturi consequuntur non commodi ab. Hic repellendus quos optio velit sit neque fugit.', '2023-10-19 13:27:13', '2023-10-19 13:27:13'),
(9, 100, 51, 74, 'Aperiam omnis voluptatum corporis rem qui adipisci. Omnis ullam vero magnam sunt molestiae autem. Exercitationem numquam ex iste est voluptas. Repudiandae aliquam maxime et facere qui ut.', '2023-10-19 13:27:13', '2023-10-19 13:27:13'),
(10, 9, 94, 23, 'Eos laudantium ab animi ullam. Officia cumque eos sint quae aut. Suscipit qui magni debitis aut dolorem.', '2023-10-19 13:27:13', '2023-10-19 13:27:13'),
(12, 32, 3, 5, 'Explicabo nostrum et sint dolor. Blanditiis velit exercitationem modi omnis quae ut repudiandae. Nulla doloribus dolorum quaerat quisquam blanditiis quod. A dignissimos ducimus eum quasi iste et laudantium. Illo quis cumque voluptas optio.', '2023-10-19 13:27:13', '2023-10-19 13:27:13'),
(13, 12, 56, 100, 'Omnis quis molestiae omnis expedita. Quos totam esse ut magni. Natus accusantium maiores consequuntur et.', '2023-10-19 13:27:13', '2023-10-19 13:27:13'),
(15, 46, 18, 61, 'Quia eligendi qui quae nisi deserunt beatae unde dicta. Nostrum est nostrum provident labore facilis odio dolores. Maiores veritatis consequatur optio.', '2023-10-19 13:27:13', '2023-10-19 13:27:13'),
(16, 12, 89, 18, 'Sunt ab ut porro. Reprehenderit tempore maiores consequatur iure assumenda cumque. Praesentium velit id quasi cumque tenetur consequatur. Suscipit porro deleniti dolorem magni.', '2023-10-19 13:27:13', '2023-10-19 13:27:13'),
(17, 51, 79, 2, 'Eligendi fugit minus nemo. Mollitia est sapiente nesciunt soluta soluta qui. Voluptatibus explicabo soluta quo.', '2023-10-19 13:27:13', '2023-10-19 13:27:13'),
(18, 27, 32, 82, 'Rem eum eos molestiae vitae. Repellendus delectus aut dolorem sit vel sunt. Quo tempora nesciunt atque provident.', '2023-10-19 13:27:13', '2023-10-19 13:27:13'),
(19, 67, 96, 17, 'Iusto sit minus sit perspiciatis est laboriosam eum. Quos molestiae error aut doloribus nihil. Error et optio eaque doloribus corrupti cupiditate earum. Neque voluptate dolor earum.', '2023-10-19 13:27:13', '2023-10-19 13:27:13'),
(20, 3, 88, 55, 'Aliquam et ipsum quia et similique. Quisquam nam et doloremque ratione dolorem at. Expedita officia culpa nam qui. Incidunt recusandae velit atque eum corrupti sed. Aliquam facere illo adipisci ipsam voluptatum.', '2023-10-19 13:27:13', '2023-10-19 13:27:13'),
(21, 100, 80, 88, 'Atque sunt ut ipsum exercitationem voluptatem. Quia itaque repellendus quae accusamus ut laboriosam. Nobis molestias ipsum veniam fugiat et sint perspiciatis. Molestiae et dolorem ut sit. Omnis delectus ea iure perspiciatis delectus magnam.', '2023-10-19 13:27:13', '2023-10-19 13:27:13'),
(22, 27, 99, 70, 'Nihil quia perspiciatis debitis qui. Animi minus eum explicabo mollitia omnis odio non.', '2023-10-19 13:27:13', '2023-10-19 13:27:13'),
(23, 57, 65, 95, 'Ea possimus expedita pariatur et est et aut. Eos occaecati nostrum odio asperiores eligendi sequi quae illo. Autem id hic quos aliquid similique corrupti aut velit. Necessitatibus fugiat excepturi perspiciatis pariatur. Ea qui iusto ut asperiores perspiciatis illum et.', '2023-10-19 13:27:13', '2023-10-19 13:27:13'),
(25, 94, 48, 40, 'Et ratione pariatur delectus ullam. Ut quia aut distinctio non architecto eius. Qui dicta dolor facere voluptas odio commodi culpa earum. Veniam dolorem nihil sequi.', '2023-10-19 13:27:13', '2023-10-19 13:27:13'),
(26, 100, 90, 95, 'Sunt ducimus non reiciendis ducimus optio rerum. Occaecati exercitationem officiis dolores ducimus nobis voluptatem. Possimus recusandae ducimus praesentium quo. Aliquam suscipit facilis illo rerum et.', '2023-10-19 13:27:13', '2023-10-19 13:27:13'),
(27, 24, 59, 86, 'Architecto corrupti libero voluptatibus dignissimos blanditiis qui temporibus. Mollitia eum maiores cum facilis libero magnam praesentium. Excepturi laudantium commodi sunt assumenda.', '2023-10-19 13:27:13', '2023-10-19 13:27:13'),
(28, 86, 76, 36, 'Ex voluptates error aut necessitatibus alias. Ratione laboriosam facilis occaecati corporis totam at quasi. Labore ipsum non doloribus. Est earum ut minima expedita quas cum et.', '2023-10-19 13:27:13', '2023-10-19 13:27:13'),
(29, 72, 65, 66, 'Assumenda et cupiditate voluptatum necessitatibus perferendis. Dicta quam est veritatis natus velit consequatur. Sed non voluptates exercitationem odio quisquam. Qui fugiat adipisci dolor tenetur. Ipsa aliquam enim tempora est autem.', '2023-10-19 13:27:13', '2023-10-19 13:27:13'),
(30, 81, 68, 33, 'Est nihil repellat excepturi aut optio. Odio iure illum debitis quo modi commodi. Culpa voluptatem nesciunt dolorum. Enim dolores quo quia nesciunt reiciendis quas laudantium.', '2023-10-19 13:27:13', '2023-10-19 13:27:13'),
(31, 70, 1, 97, 'Quidem ut nesciunt reiciendis non voluptas iste quia. Saepe non omnis blanditiis delectus. Facilis quis eum sed deleniti laudantium optio ipsam.', '2023-10-19 13:27:13', '2023-10-19 13:27:13'),
(32, 83, 92, 44, 'Dolores at et libero aliquam voluptatem saepe ex. Corporis libero laboriosam assumenda distinctio est. Dolorem perferendis pariatur consequuntur tempora sequi repellendus amet. Aut aut provident voluptas sit harum modi et.', '2023-10-19 13:27:13', '2023-10-19 13:27:13'),
(33, 49, 78, 82, 'Laborum quia harum quam. Eius dolore unde autem expedita aperiam. Veniam eum quaerat aut voluptates. Occaecati quos dolores nulla numquam a voluptates optio recusandae.', '2023-10-19 13:27:13', '2023-10-19 13:27:13'),
(34, 15, 49, 46, 'Animi aut iure autem et ab suscipit. Vel in quaerat quod quos. Fugiat cumque quidem est qui adipisci.', '2023-10-19 13:27:13', '2023-10-19 13:27:13'),
(35, 26, 37, 91, 'Eos itaque maiores eaque consequatur fugit dolor unde. Ut qui voluptate consequatur. Eius quo et corporis quaerat ipsam. Fuga quidem tempora ex soluta voluptatem.', '2023-10-19 13:27:13', '2023-10-19 13:27:13'),
(36, 37, 38, 28, 'At minima repellat dignissimos distinctio qui sapiente aut. Earum perferendis eius et non. Sit esse aliquam et qui laudantium sed. Ipsam harum pariatur excepturi itaque. Et voluptas iste quidem totam.', '2023-10-19 13:27:13', '2023-10-19 13:27:13'),
(37, 90, 77, 91, 'Vero quibusdam a eaque molestiae autem impedit voluptatibus. Ut quod sequi incidunt aliquam ea. Incidunt est quis quasi.', '2023-10-19 13:27:13', '2023-10-19 13:27:13'),
(38, 66, 43, 80, 'Dolor sint eveniet eos et sed. Dolor aut enim provident voluptatem in in. Saepe dicta odio inventore similique eum in. Alias magnam corporis est sit.', '2023-10-19 13:27:13', '2023-10-19 13:27:13'),
(39, 15, 25, 85, 'Occaecati in inventore vitae fugit voluptates molestiae. Labore delectus dolores quia in. Minima eligendi veniam et quaerat. Culpa voluptatum qui adipisci reprehenderit sed natus.', '2023-10-19 13:27:13', '2023-10-19 13:27:13'),
(40, 58, 90, 95, 'Magni tempore numquam rerum laboriosam fuga ea inventore ipsum. Sit perferendis eveniet placeat. Non ullam eum aspernatur corrupti.', '2023-10-19 13:27:13', '2023-10-19 13:27:13'),
(41, 80, 66, 49, 'Quo expedita saepe voluptate blanditiis omnis harum. Suscipit sint fugiat possimus omnis. Excepturi et molestiae tempore eum mollitia nisi sint. Est officia facere doloribus illum aut dicta harum.', '2023-10-19 13:27:13', '2023-10-19 13:27:13'),
(42, 67, 19, 45, 'Voluptatem rem eveniet dolore dolor error. At voluptatibus consectetur deleniti quia fugit rerum qui. Harum recusandae aperiam similique officiis. Qui nesciunt ullam tempora sed iure doloremque.', '2023-10-19 13:27:13', '2023-10-19 13:27:13'),
(43, 74, 86, 48, 'Mollitia quidem dolores fugit mollitia perferendis magni. Dicta est earum quia ut reprehenderit voluptas. Perferendis aliquid suscipit officiis aut odit fugiat. Sapiente atque voluptatem quibusdam.', '2023-10-19 13:27:13', '2023-10-19 13:27:13'),
(44, 35, 14, 35, 'Veritatis ea laboriosam eius. Alias odio cum ea natus recusandae adipisci distinctio. Qui voluptatem nostrum consequatur voluptatem quia incidunt dignissimos. Incidunt exercitationem veniam ea nostrum.', '2023-10-19 13:27:13', '2023-10-19 13:27:13'),
(45, 89, 61, 81, 'Debitis nemo dolore quibusdam quisquam qui nihil. Dolor ullam repellendus molestias omnis eos et voluptate dolores.', '2023-10-19 13:27:13', '2023-10-19 13:27:13'),
(46, 56, 58, 12, 'Dolorum sint iure perferendis. Totam aut fuga pariatur iste. Dolor eaque quidem velit fugiat aspernatur maiores dolorem deserunt.', '2023-10-19 13:27:13', '2023-10-19 13:27:13'),
(47, 34, 39, 44, 'Eius soluta similique error similique harum cupiditate atque maxime. Quisquam autem illo amet qui aut.', '2023-10-19 13:27:13', '2023-10-19 13:27:13'),
(48, 4, 91, 64, 'Velit nam sunt perspiciatis. At et sit perspiciatis voluptatem necessitatibus odio. Non culpa sit id alias iusto pariatur consectetur. Aliquam voluptate ad a sint.', '2023-10-19 13:27:13', '2023-10-19 13:27:13'),
(49, 94, 39, 41, 'Repudiandae vero soluta sint possimus officiis. Corrupti dolor eum voluptas. Dolorem eos magni ad praesentium voluptatibus.', '2023-10-19 13:27:13', '2023-10-19 13:27:13'),
(50, 11, 11, 17, 'Dolorum quam ex quis enim. Aut perferendis sunt suscipit voluptatem. Qui quod similique sed laudantium illo et consequuntur vel.', '2023-10-19 13:27:13', '2023-10-19 13:27:13'),
(51, 87, 44, 75, 'Dolore harum repellendus modi. Quod natus fuga aut sapiente distinctio maiores. Et in doloribus omnis repellendus temporibus sit velit. Libero voluptas quos velit eum non corrupti.', '2023-10-19 13:27:13', '2023-10-19 13:27:13'),
(52, 73, 91, 85, 'Nemo porro blanditiis qui. Omnis sapiente eos est saepe et minima minima laudantium. Magnam cum commodi iure possimus vero sunt velit. Porro provident fugit ad et eos.', '2023-10-19 13:27:13', '2023-10-19 13:27:13'),
(53, 35, 10, 50, 'Labore cumque excepturi occaecati nam maiores dicta. Impedit praesentium et vel soluta fugiat a et voluptate. Ut quo doloribus dolores tenetur vel aut perspiciatis.', '2023-10-19 13:27:13', '2023-10-19 13:27:13'),
(54, 21, 6, 15, 'Laborum ad officia amet quis totam. Labore magnam architecto inventore ipsa sed quasi ut. Voluptatem et officia quaerat et dolorem aut eos in. Rerum assumenda qui iusto qui commodi.', '2023-10-19 13:27:13', '2023-10-19 13:27:13'),
(55, 72, 87, 77, 'Eos doloribus illum commodi eum omnis sint excepturi. Eum vitae soluta aperiam veritatis sint fugiat distinctio non. Repudiandae rerum omnis sint molestiae voluptas repudiandae.', '2023-10-19 13:27:13', '2023-10-19 13:27:13'),
(56, 37, 3, 26, 'Occaecati explicabo eos exercitationem non maxime. Rerum aspernatur commodi adipisci et laudantium quam quod dolorem. Et fugiat rerum et sit nesciunt.', '2023-10-19 13:27:13', '2023-10-19 13:27:13'),
(57, 47, 47, 62, 'Itaque dolorem voluptas enim est voluptatum enim et. Quia excepturi aut ipsum nesciunt et. Mollitia eligendi nobis aut magnam magnam. Quidem cum quam quis quis voluptas.', '2023-10-19 13:27:13', '2023-10-19 13:27:13'),
(58, 85, 2, 89, 'Debitis dignissimos laborum neque et nostrum magnam. Consectetur et dolorem est molestias vel. Quia earum iure quia voluptatibus.', '2023-10-19 13:27:13', '2023-10-19 13:27:13'),
(59, 78, 86, 34, 'Omnis debitis et itaque velit. Ut enim similique eligendi sed id corporis. Minus est molestiae cumque assumenda suscipit quidem quisquam. Quia velit maxime eos.', '2023-10-19 13:27:13', '2023-10-19 13:27:13'),
(60, 70, 29, 77, 'Nisi veritatis quidem dolores eum. Totam omnis amet repudiandae amet minima. Non enim totam esse non quo laborum. Enim commodi error eos eaque quasi.', '2023-10-19 13:27:13', '2023-10-19 13:27:13'),
(61, 43, 88, 85, 'Aut delectus ducimus debitis sed laboriosam sunt. Quibusdam sed earum illum dignissimos. Asperiores qui ullam ab est dolore. Est a repellendus explicabo consequatur non quo.', '2023-10-19 13:27:13', '2023-10-19 13:27:13'),
(62, 6, 20, 45, 'Quia quibusdam cumque velit similique quam laudantium cumque. Id nihil aut et velit earum.', '2023-10-19 13:27:13', '2023-10-19 13:27:13'),
(63, 27, 61, 85, 'Reprehenderit est et officiis ea nobis. Rerum sapiente sit nemo ad natus pariatur sed. Cum sed accusamus sunt omnis et. Optio cumque in iure molestiae deserunt.', '2023-10-19 13:27:13', '2023-10-19 13:27:13'),
(64, 17, 14, 83, 'Odio similique itaque tempora fuga assumenda officia rem. Odit sed rem iste voluptas sunt. Necessitatibus dolorum et earum voluptatem quia enim consequuntur. Et in ducimus laboriosam nisi odio natus.', '2023-10-19 13:27:13', '2023-10-19 13:27:13'),
(65, 36, 100, 12, 'Natus sit dolores voluptatem laboriosam excepturi. Ab reiciendis qui placeat maiores incidunt inventore voluptatem. Aliquid libero recusandae eligendi et.', '2023-10-19 13:27:13', '2023-10-19 13:27:13'),
(66, 72, 26, 80, 'Autem velit molestiae rerum illo maxime est. Quis dolores error maxime. Ipsum odit pariatur explicabo iure maxime eveniet.', '2023-10-19 13:27:13', '2023-10-19 13:27:13'),
(67, 71, 39, 71, 'Facilis veniam consequatur nobis nesciunt qui ut voluptas. Laudantium porro cupiditate ut et illo quaerat. Minus voluptatem cupiditate aliquam quam perferendis voluptates.', '2023-10-19 13:27:13', '2023-10-19 13:27:13'),
(68, 9, 21, 73, 'Velit eos architecto accusamus ratione. Commodi necessitatibus deleniti cupiditate quam quos nostrum quibusdam. Et aut reprehenderit exercitationem ut.', '2023-10-19 13:27:13', '2023-10-19 13:27:13'),
(69, 58, 86, 43, 'Possimus debitis blanditiis inventore sit autem esse. Sunt ut in temporibus enim est possimus. Est amet quos sint enim voluptatem. Porro quo ipsum quisquam magnam perspiciatis ea.', '2023-10-19 13:27:13', '2023-10-19 13:27:13'),
(70, 85, 78, 62, 'Et animi consequuntur sint voluptatem autem distinctio at. Expedita maiores tempore magni nemo voluptas alias assumenda. Quia aspernatur aperiam occaecati voluptate veniam.', '2023-10-19 13:27:13', '2023-10-19 13:27:13'),
(71, 68, 97, 6, 'Magni est ut voluptatibus ratione. Impedit voluptate eum velit molestias. Quis voluptates consequatur voluptas voluptatem laborum hic. Iste voluptatem beatae in non voluptate.', '2023-10-19 13:27:13', '2023-10-19 13:27:13'),
(72, 40, 52, 98, 'Facere eum velit sunt. Voluptas quo voluptatem sit iusto et. Possimus reiciendis in animi ducimus repellat voluptatibus. Accusantium itaque quo ea sequi et.', '2023-10-19 13:27:13', '2023-10-19 13:27:13'),
(73, 45, 64, 42, 'Placeat in dolores qui reiciendis aliquid non. Nobis a ullam eum similique ut sed. Illum consequuntur excepturi magni ut. Id ut ab quaerat voluptatem ducimus provident deleniti est. Aperiam quam sit qui tempore.', '2023-10-19 13:27:13', '2023-10-19 13:27:13'),
(74, 49, 46, 47, 'Iusto commodi omnis consequatur est. Et rerum nesciunt consequatur et. Quo et ut qui voluptas cumque. Et quia temporibus ut qui dolorem molestiae voluptatem. Neque est quia ut sed.', '2023-10-19 13:27:13', '2023-10-19 13:27:13'),
(75, 20, 95, 48, 'Laudantium nemo est distinctio quisquam facere. Iste sit velit esse eveniet omnis. Ullam soluta voluptate et. Porro sunt nihil qui voluptatem.', '2023-10-19 13:27:13', '2023-10-19 13:27:13'),
(77, 83, 59, 27, 'Voluptatem cumque aperiam quas nihil consequatur veniam. Voluptas adipisci recusandae et culpa sequi asperiores. Laborum quo sapiente repellendus eos molestiae voluptatem. Molestias est cum voluptas eveniet sunt.', '2023-10-19 13:27:13', '2023-10-19 13:27:13'),
(78, 71, 18, 41, 'Iste saepe sit consequuntur tenetur vel earum quo. Voluptatem esse provident dolor quasi et veritatis. Quia ex culpa nostrum numquam.', '2023-10-19 13:27:13', '2023-10-19 13:27:13'),
(79, 30, 34, 34, 'Dolores dolores necessitatibus autem eligendi fugiat. Ipsam quisquam sed rem impedit cumque recusandae. Voluptatum quia culpa quia qui maiores vel. Sapiente deleniti qui ipsum illo eum unde. Asperiores consectetur velit itaque dolor iste dolores quis.', '2023-10-19 13:27:13', '2023-10-19 13:27:13'),
(80, 99, 74, 41, 'Culpa sapiente dolorem consequuntur atque dolores aliquam corrupti iure. Soluta doloribus similique est. Porro molestias tempora consequatur et qui id doloremque. Vitae porro sit incidunt minus dolor molestiae reprehenderit.', '2023-10-19 13:27:13', '2023-10-19 13:27:13'),
(81, 45, 9, 52, 'Nihil numquam placeat quia dolore voluptatum non. Itaque vero dolor repudiandae et qui.', '2023-10-19 13:27:13', '2023-10-19 13:27:13'),
(82, 3, 72, 7, 'Ea ut non aliquam sunt et repellendus. Architecto consequuntur velit nesciunt. Velit alias qui fuga commodi alias asperiores. Est hic dolores voluptas est repellat ea.', '2023-10-19 13:27:13', '2023-10-19 13:27:13'),
(83, 28, 70, 81, 'Nobis aspernatur voluptate et. Et excepturi eaque est veniam velit beatae quod. Sit aperiam dignissimos alias et facere eligendi adipisci.', '2023-10-19 13:27:13', '2023-10-19 13:27:13'),
(84, 51, 16, 60, 'Culpa est dolore quo qui. Voluptate esse assumenda quam rerum quas voluptatem. Et consequatur laudantium quaerat optio eaque doloremque.', '2023-10-19 13:27:13', '2023-10-19 13:27:13'),
(85, 36, 69, 50, 'Totam laudantium provident eos tempora doloremque. Ut nobis voluptatem dolores. Vel quibusdam voluptatem ratione corporis laborum ut.', '2023-10-19 13:27:13', '2023-10-19 13:27:13'),
(86, 38, 71, 93, 'Aut ad repellat sit ut molestiae quaerat quae. Corrupti doloremque labore voluptate ea.', '2023-10-19 13:27:13', '2023-10-19 13:27:13'),
(87, 98, 18, 86, 'Illo dolor sit ut quaerat sunt quis. Distinctio distinctio est dolores quidem nisi. Omnis sapiente deserunt et quisquam corporis et ut.', '2023-10-19 13:27:13', '2023-10-19 13:27:13'),
(88, 28, 77, 14, 'Delectus repudiandae voluptate aperiam sed. Nihil sit totam unde voluptate. Molestiae occaecati quaerat quaerat molestiae accusamus in.', '2023-10-19 13:27:13', '2023-10-19 13:27:13'),
(89, 99, 39, 73, 'Ad dolor quasi culpa est. Saepe omnis id molestias autem sed eligendi. Illo sed recusandae est nulla reprehenderit accusamus nihil eum. Voluptatem non accusamus ea explicabo. Tenetur natus quis saepe dolore.', '2023-10-19 13:27:13', '2023-10-19 13:27:13'),
(90, 89, 6, 30, 'Facilis non maxime et ducimus facere. Architecto laborum praesentium laboriosam est. Et magnam aliquam et voluptatem. Est assumenda quidem ea eligendi.', '2023-10-19 13:27:13', '2023-10-19 13:27:13'),
(91, 71, 85, 84, 'Debitis quod minima quia. Illo magni molestias dolore velit accusamus qui. Reprehenderit voluptas deleniti fuga consequatur aliquam. Exercitationem maxime veniam commodi tempora assumenda. Qui sit fugit rerum ipsum facere.', '2023-10-19 13:27:13', '2023-10-19 13:27:13'),
(92, 59, 24, 56, 'Non doloremque repellat et sunt rem sunt officiis. Tempora ea rerum ullam placeat quod. In recusandae non aliquid aspernatur.', '2023-10-19 13:27:13', '2023-10-19 13:27:13'),
(93, 20, 9, 45, 'Nemo occaecati quis a maxime. Earum consequatur qui explicabo quaerat consectetur deserunt. Dicta officiis assumenda vel.', '2023-10-19 13:27:13', '2023-10-19 13:27:13'),
(94, 31, 85, 19, 'Laborum aut ullam est illum exercitationem. Voluptatem ad voluptates ipsum doloribus enim voluptatibus dolore esse. Qui laudantium est iure consequatur. Omnis vitae voluptatem pariatur et hic.', '2023-10-19 13:27:13', '2023-10-19 13:27:13'),
(95, 32, 12, 76, 'Aut aut omnis excepturi non modi et voluptas. Voluptas voluptatem vitae et enim nemo in voluptatem sit. Repellat aut occaecati culpa similique nisi voluptas sed. Atque itaque magnam ea harum. Ut quam quibusdam consequatur corporis.', '2023-10-19 13:27:13', '2023-10-19 13:27:13'),
(96, 14, 1, 36, 'Eius ea tempore adipisci quis quidem fugiat praesentium. Harum impedit reiciendis expedita ut. Ex hic omnis corrupti maiores. Et et cupiditate et eos.', '2023-10-19 13:27:13', '2023-10-19 13:27:13'),
(97, 84, 20, 69, 'Fugit sed omnis voluptates nostrum. Id nostrum et eaque omnis laboriosam nobis eveniet. Earum explicabo qui eum sunt quia in. Molestias inventore eaque et at modi labore nostrum omnis.', '2023-10-19 13:27:13', '2023-10-19 13:27:13'),
(98, 93, 8, 89, 'Sunt assumenda repellendus tenetur. Similique aut consequatur est et quia quasi. Iste ut magni nulla accusamus sit eum ut. Et molestiae voluptatum quibusdam rem.', '2023-10-19 13:27:13', '2023-10-19 13:27:13'),
(99, 40, 69, 12, 'Tempore sed itaque commodi aut consequatur. Fugiat pariatur vitae ut expedita facilis quia sit. Architecto ut qui et doloremque deleniti eos et. Quo quia et vel libero ea dolorum totam vel.', '2023-10-19 13:27:13', '2023-10-19 13:27:13'),
(100, 43, 75, 100, 'Earum quasi deserunt facere voluptas est. Quis totam repellat molestiae repellat asperiores laboriosam consequatur. Ipsa enim ipsa dolore sit dolore totam. Officiis consequatur tempora impedit dolor autem.', '2023-10-19 13:27:13', '2023-10-19 13:27:13');

INSERT INTO `users` (`id`, `firstName`, `lastName`, `is_admin`, `email`, `email_verified_at`, `password`, `photo`, `remember_token`, `created_at`, `updated_at`) VALUES
(1, 'Jessica', 'Harvey', 1, 'tressie86@example.com', '2023-10-19 13:27:09', '$2y$10$92IXUNpkjO0rOQ5byMi.Ye4oKoEa3Ro9llC/.og/at2.uheWG/igi', 'https://randomuser.me/api/portraits/men/38.jpg', 'VRQqZAtOknO8QkEbw8KYvZvwymu8VGfb6MFR4h88HbBxPYA1cu3HJ4kRtv0R', '2023-10-19 13:27:09', '2023-10-19 13:27:09');
INSERT INTO `users` (`id`, `firstName`, `lastName`, `is_admin`, `email`, `email_verified_at`, `password`, `photo`, `remember_token`, `created_at`, `updated_at`) VALUES
(2, 'Blair', 'Frami', 0, 'mateo76@example.net', '2023-10-19 13:27:09', '$2y$10$92IXUNpkjO0rOQ5byMi.Ye4oKoEa3Ro9llC/.og/at2.uheWG/igi', 'https://randomuser.me/api/portraits/men/8.jpg', 'E6HWQNTMhL', '2023-10-19 13:27:09', '2023-10-19 13:27:09');
INSERT INTO `users` (`id`, `firstName`, `lastName`, `is_admin`, `email`, `email_verified_at`, `password`, `photo`, `remember_token`, `created_at`, `updated_at`) VALUES
(3, 'Boyd', 'Dibbert', 0, 'kunze.willow@example.net', '2023-10-19 13:27:09', '$2y$10$92IXUNpkjO0rOQ5byMi.Ye4oKoEa3Ro9llC/.og/at2.uheWG/igi', 'https://randomuser.me/api/portraits/women/27.jpg', 'Y6mcspAmDZQR9CCjmvlqwlOAQzo3jfkpDMDPSNOKUgZjhAKalqbpwLcvohr1', '2023-10-19 13:27:09', '2023-10-19 13:27:09');
INSERT INTO `users` (`id`, `firstName`, `lastName`, `is_admin`, `email`, `email_verified_at`, `password`, `photo`, `remember_token`, `created_at`, `updated_at`) VALUES
(4, 'Ethan', 'Emmerich', 1, 'omer.lehner@example.org', '2023-10-19 13:27:09', '$2y$10$92IXUNpkjO0rOQ5byMi.Ye4oKoEa3Ro9llC/.og/at2.uheWG/igi', 'https://randomuser.me/api/portraits/women/7.jpg', 'LXxEwYp6s5', '2023-10-19 13:27:10', '2023-10-19 13:27:10'),
(5, 'Abe', 'Upton', 0, 'hoeger.rolando@example.org', '2023-10-19 13:27:09', '$2y$10$92IXUNpkjO0rOQ5byMi.Ye4oKoEa3Ro9llC/.og/at2.uheWG/igi', 'https://randomuser.me/api/portraits/women/69.jpg', 'BkMpsyAFDi', '2023-10-19 13:27:10', '2023-10-19 13:27:10'),
(6, 'Joshuah', 'Batz', 0, 'adelle32@example.net', '2023-10-19 13:27:09', '$2y$10$92IXUNpkjO0rOQ5byMi.Ye4oKoEa3Ro9llC/.og/at2.uheWG/igi', 'https://randomuser.me/api/portraits/men/15.jpg', 'plMd3ZsVsc', '2023-10-19 13:27:10', '2023-10-19 13:27:10'),
(7, 'Jorge', 'Stoltenberg', 1, 'yskiles@example.org', '2023-10-19 13:27:09', '$2y$10$92IXUNpkjO0rOQ5byMi.Ye4oKoEa3Ro9llC/.og/at2.uheWG/igi', 'https://randomuser.me/api/portraits/women/38.jpg', '9dPxWo3rFb', '2023-10-19 13:27:10', '2023-10-19 13:27:10'),
(8, 'Oma', 'Grady', 0, 'schowalter.eddie@example.org', '2023-10-19 13:27:09', '$2y$10$92IXUNpkjO0rOQ5byMi.Ye4oKoEa3Ro9llC/.og/at2.uheWG/igi', 'https://randomuser.me/api/portraits/men/46.jpg', 'LXuQOPpIsN', '2023-10-19 13:27:10', '2023-10-19 13:27:10'),
(9, 'Melany', 'Tromp', 1, 'greenfelder.estevan@example.net', '2023-10-19 13:27:09', '$2y$10$92IXUNpkjO0rOQ5byMi.Ye4oKoEa3Ro9llC/.og/at2.uheWG/igi', 'https://randomuser.me/api/portraits/men/63.jpg', 'P0zc2TPoM2', '2023-10-19 13:27:10', '2023-10-19 13:27:10'),
(10, 'Sammy', 'Raynor', 0, 'ozboncak@example.org', '2023-10-19 13:27:09', '$2y$10$92IXUNpkjO0rOQ5byMi.Ye4oKoEa3Ro9llC/.og/at2.uheWG/igi', 'https://randomuser.me/api/portraits/men/7.jpg', '1Yo4RFrLlu', '2023-10-19 13:27:10', '2023-10-19 13:27:10'),
(11, 'Jude', 'Lindgren', 0, 'conner.jacobi@example.org', '2023-10-19 13:27:09', '$2y$10$92IXUNpkjO0rOQ5byMi.Ye4oKoEa3Ro9llC/.og/at2.uheWG/igi', 'https://randomuser.me/api/portraits/men/77.jpg', 'ew5znLbLWF', '2023-10-19 13:27:10', '2023-10-19 13:27:10'),
(12, 'Gerald', 'Keebler', 0, 'bfeeney@example.net', '2023-10-19 13:27:09', '$2y$10$92IXUNpkjO0rOQ5byMi.Ye4oKoEa3Ro9llC/.og/at2.uheWG/igi', 'https://randomuser.me/api/portraits/women/20.jpg', '4FnetzVOPw', '2023-10-19 13:27:10', '2023-10-19 13:27:10'),
(13, 'Concepcion', 'Bogan', 0, 'iliana43@example.net', '2023-10-19 13:27:09', '$2y$10$92IXUNpkjO0rOQ5byMi.Ye4oKoEa3Ro9llC/.og/at2.uheWG/igi', 'https://randomuser.me/api/portraits/men/98.jpg', 'x86soJ8vNB', '2023-10-19 13:27:10', '2023-10-19 13:27:10'),
(14, 'Kian', 'Bednar', 0, 'nschowalter@example.com', '2023-10-19 13:27:09', '$2y$10$92IXUNpkjO0rOQ5byMi.Ye4oKoEa3Ro9llC/.og/at2.uheWG/igi', 'https://randomuser.me/api/portraits/women/41.jpg', 'wyNmznkpmN', '2023-10-19 13:27:10', '2023-10-19 13:27:10'),
(15, 'Vernice', 'Purdy', 0, 'lyric40@example.com', '2023-10-19 13:27:09', '$2y$10$92IXUNpkjO0rOQ5byMi.Ye4oKoEa3Ro9llC/.og/at2.uheWG/igi', 'https://randomuser.me/api/portraits/men/69.jpg', '4rexEnOi0C', '2023-10-19 13:27:10', '2023-10-19 13:27:10'),
(16, 'Harrison', 'Breitenberg', 0, 'gupton@example.com', '2023-10-19 13:27:09', '$2y$10$92IXUNpkjO0rOQ5byMi.Ye4oKoEa3Ro9llC/.og/at2.uheWG/igi', 'https://randomuser.me/api/portraits/men/95.jpg', 'zQVhGRhRXo', '2023-10-19 13:27:10', '2023-10-19 13:27:10'),
(17, 'Asha', 'Heller', 0, 'schmeler.kaia@example.net', '2023-10-19 13:27:09', '$2y$10$92IXUNpkjO0rOQ5byMi.Ye4oKoEa3Ro9llC/.og/at2.uheWG/igi', 'https://randomuser.me/api/portraits/women/80.jpg', '49sU23C6le', '2023-10-19 13:27:10', '2023-10-19 13:27:10'),
(18, 'Amina', 'O\'Conner', 0, 'greenfelder.misty@example.com', '2023-10-19 13:27:09', '$2y$10$92IXUNpkjO0rOQ5byMi.Ye4oKoEa3Ro9llC/.og/at2.uheWG/igi', 'https://randomuser.me/api/portraits/women/90.jpg', 'GHZSGDaQN8', '2023-10-19 13:27:10', '2023-10-19 13:27:10'),
(19, 'Elliott', 'Fadel', 0, 'grimes.pablo@example.org', '2023-10-19 13:27:09', '$2y$10$92IXUNpkjO0rOQ5byMi.Ye4oKoEa3Ro9llC/.og/at2.uheWG/igi', 'https://randomuser.me/api/portraits/women/30.jpg', 'hTH0LnECuu', '2023-10-19 13:27:10', '2023-10-19 13:27:10'),
(20, 'Kaya', 'Steuber', 0, 'fjohns@example.net', '2023-10-19 13:27:09', '$2y$10$92IXUNpkjO0rOQ5byMi.Ye4oKoEa3Ro9llC/.og/at2.uheWG/igi', 'https://randomuser.me/api/portraits/men/51.jpg', 'D9TE2tCBBb', '2023-10-19 13:27:10', '2023-10-19 13:27:10'),
(21, 'Wilson', 'Haley', 1, 'fahey.allan@example.com', '2023-10-19 13:27:09', '$2y$10$92IXUNpkjO0rOQ5byMi.Ye4oKoEa3Ro9llC/.og/at2.uheWG/igi', 'https://randomuser.me/api/portraits/women/60.jpg', 'v6KmGneMVy', '2023-10-19 13:27:10', '2023-10-19 13:27:10'),
(22, 'Liana', 'Cronin', 1, 'kulas.jade@example.net', '2023-10-19 13:27:09', '$2y$10$92IXUNpkjO0rOQ5byMi.Ye4oKoEa3Ro9llC/.og/at2.uheWG/igi', 'https://randomuser.me/api/portraits/men/25.jpg', 'N6yOcNxZcI', '2023-10-19 13:27:10', '2023-10-19 13:27:10'),
(23, 'Margret', 'Rogahn', 1, 'liliana.torp@example.net', '2023-10-19 13:27:09', '$2y$10$92IXUNpkjO0rOQ5byMi.Ye4oKoEa3Ro9llC/.og/at2.uheWG/igi', 'https://randomuser.me/api/portraits/women/38.jpg', 'TimhDrXtc4oXzvNQECw7TGqLBjaLNKC9G4Q2DffoDRCPQ04jENLkblrdm01F', '2023-10-19 13:27:10', '2023-10-19 13:27:10'),
(24, 'Leda', 'Dickinson', 1, 'einar.robel@example.net', '2023-10-19 13:27:09', '$2y$10$92IXUNpkjO0rOQ5byMi.Ye4oKoEa3Ro9llC/.og/at2.uheWG/igi', 'https://randomuser.me/api/portraits/men/59.jpg', 'IiHlXJ5S2H', '2023-10-19 13:27:10', '2023-10-19 13:27:10'),
(25, 'Jacques', 'Lakin', 0, 'gilda.heidenreich@example.net', '2023-10-19 13:27:09', '$2y$10$92IXUNpkjO0rOQ5byMi.Ye4oKoEa3Ro9llC/.og/at2.uheWG/igi', 'https://randomuser.me/api/portraits/women/27.jpg', 'lQ9NwLAKq6', '2023-10-19 13:27:10', '2023-10-19 13:27:10'),
(26, 'Jay', 'Frami', 1, 'layla81@example.net', '2023-10-19 13:27:09', '$2y$10$92IXUNpkjO0rOQ5byMi.Ye4oKoEa3Ro9llC/.og/at2.uheWG/igi', 'https://randomuser.me/api/portraits/women/30.jpg', 'rLilQGyGLx', '2023-10-19 13:27:10', '2023-10-19 13:27:10'),
(27, 'Aylin', 'Kshlerin', 1, 'qullrich@example.com', '2023-10-19 13:27:09', '$2y$10$92IXUNpkjO0rOQ5byMi.Ye4oKoEa3Ro9llC/.og/at2.uheWG/igi', 'https://randomuser.me/api/portraits/women/28.jpg', 'dTjEcqG8czaZChcw8Sa3VZpIb0AzpHmyDBSOz40smzihg6HP49tAixIHf2Aq', '2023-10-19 13:27:10', '2023-10-19 13:27:10'),
(28, 'Carey', 'Cremin', 0, 'ohaley@example.net', '2023-10-19 13:27:09', '$2y$10$92IXUNpkjO0rOQ5byMi.Ye4oKoEa3Ro9llC/.og/at2.uheWG/igi', 'https://randomuser.me/api/portraits/women/88.jpg', 'UbEOX6nDwn', '2023-10-19 13:27:10', '2023-10-19 13:27:10'),
(29, 'Adan', 'Weber', 1, 'dpurdy@example.org', '2023-10-19 13:27:09', '$2y$10$92IXUNpkjO0rOQ5byMi.Ye4oKoEa3Ro9llC/.og/at2.uheWG/igi', 'https://randomuser.me/api/portraits/men/29.jpg', 'TK3WE71A8D', '2023-10-19 13:27:10', '2023-10-19 13:27:10'),
(30, 'Nolan', 'Barrows', 0, 'alberta54@example.com', '2023-10-19 13:27:09', '$2y$10$92IXUNpkjO0rOQ5byMi.Ye4oKoEa3Ro9llC/.og/at2.uheWG/igi', 'https://randomuser.me/api/portraits/men/10.jpg', 'CAwKbniigB', '2023-10-19 13:27:10', '2023-10-19 13:27:10'),
(31, 'Imogene', 'Haley', 1, 'sadams@example.com', '2023-10-19 13:27:09', '$2y$10$92IXUNpkjO0rOQ5byMi.Ye4oKoEa3Ro9llC/.og/at2.uheWG/igi', 'https://randomuser.me/api/portraits/women/97.jpg', 'NFHbXWMTHw', '2023-10-19 13:27:10', '2023-10-19 13:27:10'),
(32, 'Miller', 'Bode', 0, 'vleuschke@example.net', '2023-10-19 13:27:09', '$2y$10$92IXUNpkjO0rOQ5byMi.Ye4oKoEa3Ro9llC/.og/at2.uheWG/igi', 'https://randomuser.me/api/portraits/women/90.jpg', '0I7YsvAhPf', '2023-10-19 13:27:10', '2023-10-19 13:27:10'),
(33, 'Jessyca', 'Olson', 1, 'kirsten89@example.org', '2023-10-19 13:27:09', '$2y$10$92IXUNpkjO0rOQ5byMi.Ye4oKoEa3Ro9llC/.og/at2.uheWG/igi', 'https://randomuser.me/api/portraits/men/43.jpg', 'XUcPR8w4Um', '2023-10-19 13:27:10', '2023-10-19 13:27:10'),
(34, 'Kathlyn', 'Cummings', 1, 'jacklyn83@example.com', '2023-10-19 13:27:09', '$2y$10$92IXUNpkjO0rOQ5byMi.Ye4oKoEa3Ro9llC/.og/at2.uheWG/igi', 'https://randomuser.me/api/portraits/women/91.jpg', 'cKqYdMenUQ', '2023-10-19 13:27:10', '2023-10-19 13:27:10'),
(35, 'Myrtice', 'Orn', 0, 'gshanahan@example.net', '2023-10-19 13:27:09', '$2y$10$92IXUNpkjO0rOQ5byMi.Ye4oKoEa3Ro9llC/.og/at2.uheWG/igi', 'https://randomuser.me/api/portraits/men/5.jpg', 'LU5iXqut8S', '2023-10-19 13:27:10', '2023-10-19 13:27:10'),
(36, 'Marcus', 'Schmeler', 0, 'therese80@example.org', '2023-10-19 13:27:09', '$2y$10$92IXUNpkjO0rOQ5byMi.Ye4oKoEa3Ro9llC/.og/at2.uheWG/igi', 'https://randomuser.me/api/portraits/men/15.jpg', 'TRmSiYkadI', '2023-10-19 13:27:10', '2023-10-19 13:27:10'),
(37, 'Karlee', 'Lindgren', 1, 'jamal87@example.net', '2023-10-19 13:27:09', '$2y$10$92IXUNpkjO0rOQ5byMi.Ye4oKoEa3Ro9llC/.og/at2.uheWG/igi', 'https://randomuser.me/api/portraits/men/84.jpg', 'OascF3dhhQ', '2023-10-19 13:27:10', '2023-10-19 13:27:10'),
(38, 'Rodrigo', 'Hirthe', 0, 'alysson49@example.com', '2023-10-19 13:27:09', '$2y$10$92IXUNpkjO0rOQ5byMi.Ye4oKoEa3Ro9llC/.og/at2.uheWG/igi', 'https://randomuser.me/api/portraits/women/100.jpg', 'Oi4tn2TDqS', '2023-10-19 13:27:10', '2023-10-19 13:27:10'),
(39, 'Eulalia', 'Cole', 0, 'satterfield.cindy@example.org', '2023-10-19 13:27:09', '$2y$10$92IXUNpkjO0rOQ5byMi.Ye4oKoEa3Ro9llC/.og/at2.uheWG/igi', 'https://randomuser.me/api/portraits/women/80.jpg', '1GB9KK1iuA', '2023-10-19 13:27:10', '2023-10-19 13:27:10'),
(40, 'Gustave', 'Lemke', 0, 'roderick29@example.com', '2023-10-19 13:27:09', '$2y$10$92IXUNpkjO0rOQ5byMi.Ye4oKoEa3Ro9llC/.og/at2.uheWG/igi', 'https://randomuser.me/api/portraits/women/65.jpg', 'OPGsIlsFek', '2023-10-19 13:27:10', '2023-10-19 13:27:10'),
(41, 'Adele', 'Johnson', 1, 'ybashirian@example.org', '2023-10-19 13:27:09', '$2y$10$92IXUNpkjO0rOQ5byMi.Ye4oKoEa3Ro9llC/.og/at2.uheWG/igi', 'https://randomuser.me/api/portraits/women/3.jpg', 'IaDdNrB5Ot', '2023-10-19 13:27:10', '2023-10-19 13:27:10'),
(42, 'Florida', 'Conroy', 0, 'joelle.heller@example.com', '2023-10-19 13:27:09', '$2y$10$92IXUNpkjO0rOQ5byMi.Ye4oKoEa3Ro9llC/.og/at2.uheWG/igi', 'https://randomuser.me/api/portraits/men/63.jpg', 'BkA8Eve4UT', '2023-10-19 13:27:10', '2023-10-19 13:27:10'),
(43, 'Neha', 'D\'Amore', 0, 'tschamberger@example.net', '2023-10-19 13:27:09', '$2y$10$92IXUNpkjO0rOQ5byMi.Ye4oKoEa3Ro9llC/.og/at2.uheWG/igi', 'https://randomuser.me/api/portraits/men/40.jpg', 'Q8lLyyjRaZ', '2023-10-19 13:27:10', '2023-10-19 13:27:10'),
(44, 'Neva', 'Waelchi', 0, 'franco37@example.net', '2023-10-19 13:27:09', '$2y$10$92IXUNpkjO0rOQ5byMi.Ye4oKoEa3Ro9llC/.og/at2.uheWG/igi', 'https://randomuser.me/api/portraits/women/39.jpg', 'ttB5Hugv3l', '2023-10-19 13:27:10', '2023-10-19 13:27:10'),
(45, 'Genoveva', 'Feest', 0, 'kmann@example.com', '2023-10-19 13:27:09', '$2y$10$92IXUNpkjO0rOQ5byMi.Ye4oKoEa3Ro9llC/.og/at2.uheWG/igi', 'https://randomuser.me/api/portraits/men/96.jpg', 'IXgCLj0gzW', '2023-10-19 13:27:10', '2023-10-19 13:27:10'),
(46, 'Daisy', 'Pfannerstill', 1, 'vincenza44@example.net', '2023-10-19 13:27:09', '$2y$10$92IXUNpkjO0rOQ5byMi.Ye4oKoEa3Ro9llC/.og/at2.uheWG/igi', 'https://randomuser.me/api/portraits/men/48.jpg', 'Inn979Jfom', '2023-10-19 13:27:10', '2023-10-19 13:27:10'),
(47, 'Elsie', 'Schaden', 1, 'schulist.nora@example.com', '2023-10-19 13:27:09', '$2y$10$92IXUNpkjO0rOQ5byMi.Ye4oKoEa3Ro9llC/.og/at2.uheWG/igi', 'https://randomuser.me/api/portraits/men/79.jpg', 'ZcJv6gEjC6', '2023-10-19 13:27:10', '2023-10-19 13:27:10'),
(48, 'Lily', 'Ebert', 1, 'karli.nienow@example.org', '2023-10-19 13:27:09', '$2y$10$92IXUNpkjO0rOQ5byMi.Ye4oKoEa3Ro9llC/.og/at2.uheWG/igi', 'https://randomuser.me/api/portraits/women/93.jpg', 'XCGipLjMXm', '2023-10-19 13:27:10', '2023-10-19 13:27:10'),
(49, 'Dallas', 'Russel', 0, 'creola60@example.com', '2023-10-19 13:27:09', '$2y$10$92IXUNpkjO0rOQ5byMi.Ye4oKoEa3Ro9llC/.og/at2.uheWG/igi', 'https://randomuser.me/api/portraits/men/39.jpg', 'tozcCcm7NR', '2023-10-19 13:27:10', '2023-10-19 13:27:10'),
(50, 'Jonathon', 'King', 0, 'predovic.roberto@example.com', '2023-10-19 13:27:09', '$2y$10$92IXUNpkjO0rOQ5byMi.Ye4oKoEa3Ro9llC/.og/at2.uheWG/igi', 'https://randomuser.me/api/portraits/men/88.jpg', 'SgsE7H66Yy', '2023-10-19 13:27:10', '2023-10-19 13:27:10'),
(51, 'Meta', 'Kovacek', 1, 'auer.mark@example.com', '2023-10-19 13:27:09', '$2y$10$92IXUNpkjO0rOQ5byMi.Ye4oKoEa3Ro9llC/.og/at2.uheWG/igi', 'https://randomuser.me/api/portraits/women/16.jpg', 'DcKx3DmNNR', '2023-10-19 13:27:10', '2023-10-19 13:27:10'),
(52, 'Iva', 'Hilpert', 0, 'keyon16@example.com', '2023-10-19 13:27:09', '$2y$10$92IXUNpkjO0rOQ5byMi.Ye4oKoEa3Ro9llC/.og/at2.uheWG/igi', 'https://randomuser.me/api/portraits/women/9.jpg', 'MClYrZthzl', '2023-10-19 13:27:10', '2023-10-19 13:27:10'),
(53, 'Carolanne', 'Koss', 0, 'kacie76@example.com', '2023-10-19 13:27:09', '$2y$10$92IXUNpkjO0rOQ5byMi.Ye4oKoEa3Ro9llC/.og/at2.uheWG/igi', 'https://randomuser.me/api/portraits/men/88.jpg', '5vHJILUNaZ', '2023-10-19 13:27:10', '2023-10-19 13:27:10'),
(54, 'Frances', 'Morissette', 1, 'rene.wisozk@example.com', '2023-10-19 13:27:09', '$2y$10$92IXUNpkjO0rOQ5byMi.Ye4oKoEa3Ro9llC/.og/at2.uheWG/igi', 'https://randomuser.me/api/portraits/women/62.jpg', 'wQuVwmPVRi', '2023-10-19 13:27:10', '2023-10-19 13:27:10'),
(55, 'Lea', 'Cassin', 0, 'omer49@example.net', '2023-10-19 13:27:09', '$2y$10$92IXUNpkjO0rOQ5byMi.Ye4oKoEa3Ro9llC/.og/at2.uheWG/igi', 'https://randomuser.me/api/portraits/women/18.jpg', 'zRzkwvVciQ', '2023-10-19 13:27:10', '2023-10-19 13:27:10'),
(56, 'Terrell', 'Reichel', 0, 'harley.rempel@example.net', '2023-10-19 13:27:09', '$2y$10$92IXUNpkjO0rOQ5byMi.Ye4oKoEa3Ro9llC/.og/at2.uheWG/igi', 'https://randomuser.me/api/portraits/men/7.jpg', 'MZc8OwoW03', '2023-10-19 13:27:10', '2023-10-19 13:27:10'),
(57, 'Trever', 'Conn', 0, 'jherzog@example.org', '2023-10-19 13:27:09', '$2y$10$92IXUNpkjO0rOQ5byMi.Ye4oKoEa3Ro9llC/.og/at2.uheWG/igi', 'https://randomuser.me/api/portraits/men/55.jpg', 'ysiuBmGVcJ', '2023-10-19 13:27:10', '2023-10-19 13:27:10'),
(58, 'Rogelio', 'Corwin', 1, 'fhintz@example.com', '2023-10-19 13:27:09', '$2y$10$92IXUNpkjO0rOQ5byMi.Ye4oKoEa3Ro9llC/.og/at2.uheWG/igi', 'https://randomuser.me/api/portraits/men/29.jpg', 'fDjW5nkJHf', '2023-10-19 13:27:10', '2023-10-19 13:27:10'),
(59, 'Einar', 'Friesen', 0, 'qreilly@example.org', '2023-10-19 13:27:09', '$2y$10$92IXUNpkjO0rOQ5byMi.Ye4oKoEa3Ro9llC/.og/at2.uheWG/igi', 'https://randomuser.me/api/portraits/men/8.jpg', '8X4IqXl8sS', '2023-10-19 13:27:10', '2023-10-19 13:27:10'),
(60, 'Eunice', 'Keebler', 1, 'stracke.pablo@example.com', '2023-10-19 13:27:09', '$2y$10$92IXUNpkjO0rOQ5byMi.Ye4oKoEa3Ro9llC/.og/at2.uheWG/igi', 'https://randomuser.me/api/portraits/women/79.jpg', '40vnMGKOsW', '2023-10-19 13:27:10', '2023-10-19 13:27:10'),
(61, 'Kirk', 'Wilderman', 0, 'borer.brooklyn@example.com', '2023-10-19 13:27:09', '$2y$10$92IXUNpkjO0rOQ5byMi.Ye4oKoEa3Ro9llC/.og/at2.uheWG/igi', 'https://randomuser.me/api/portraits/women/21.jpg', 'v19C1LzMHT', '2023-10-19 13:27:10', '2023-10-19 13:27:10'),
(62, 'Walter', 'Torphy', 1, 'marty.bartell@example.org', '2023-10-19 13:27:09', '$2y$10$92IXUNpkjO0rOQ5byMi.Ye4oKoEa3Ro9llC/.og/at2.uheWG/igi', 'https://randomuser.me/api/portraits/men/34.jpg', 'aTil6btm0v', '2023-10-19 13:27:10', '2023-10-19 13:27:10'),
(63, 'Lula', 'Hegmann', 0, 'hconsidine@example.org', '2023-10-19 13:27:09', '$2y$10$92IXUNpkjO0rOQ5byMi.Ye4oKoEa3Ro9llC/.og/at2.uheWG/igi', 'https://randomuser.me/api/portraits/women/91.jpg', 'TO1TqDLUko', '2023-10-19 13:27:10', '2023-10-19 13:27:10'),
(64, 'Mabel', 'Vandervort', 0, 'leone52@example.net', '2023-10-19 13:27:09', '$2y$10$92IXUNpkjO0rOQ5byMi.Ye4oKoEa3Ro9llC/.og/at2.uheWG/igi', 'https://randomuser.me/api/portraits/men/50.jpg', 'N2gVHEDN7r', '2023-10-19 13:27:10', '2023-10-19 13:27:10'),
(65, 'Ova', 'Rutherford', 1, 'tristin98@example.org', '2023-10-19 13:27:09', '$2y$10$92IXUNpkjO0rOQ5byMi.Ye4oKoEa3Ro9llC/.og/at2.uheWG/igi', 'https://randomuser.me/api/portraits/women/90.jpg', 'cXvZC3dRIV', '2023-10-19 13:27:10', '2023-10-19 13:27:10'),
(66, 'Tara', 'Kovacek', 1, 'schuster.drake@example.org', '2023-10-19 13:27:09', '$2y$10$92IXUNpkjO0rOQ5byMi.Ye4oKoEa3Ro9llC/.og/at2.uheWG/igi', 'https://randomuser.me/api/portraits/women/83.jpg', 'LrscYs1sPm', '2023-10-19 13:27:10', '2023-10-19 13:27:10'),
(67, 'Rae', 'Ferry', 0, 'frank55@example.net', '2023-10-19 13:27:09', '$2y$10$92IXUNpkjO0rOQ5byMi.Ye4oKoEa3Ro9llC/.og/at2.uheWG/igi', 'https://randomuser.me/api/portraits/women/21.jpg', 'AR2xzE2ktY', '2023-10-19 13:27:10', '2023-10-19 13:27:10'),
(68, 'Tessie', 'Ferry', 0, 'bbernhard@example.net', '2023-10-19 13:27:09', '$2y$10$92IXUNpkjO0rOQ5byMi.Ye4oKoEa3Ro9llC/.og/at2.uheWG/igi', 'https://randomuser.me/api/portraits/women/28.jpg', 'n0N1xNBEyS', '2023-10-19 13:27:10', '2023-10-19 13:27:10'),
(69, 'Stan', 'Mueller', 1, 'rusty.swaniawski@example.org', '2023-10-19 13:27:09', '$2y$10$92IXUNpkjO0rOQ5byMi.Ye4oKoEa3Ro9llC/.og/at2.uheWG/igi', 'https://randomuser.me/api/portraits/men/96.jpg', 'GVCMQPy381', '2023-10-19 13:27:10', '2023-10-19 13:27:10'),
(70, 'Josue', 'Schimmel', 0, 'bernard.leannon@example.org', '2023-10-19 13:27:09', '$2y$10$92IXUNpkjO0rOQ5byMi.Ye4oKoEa3Ro9llC/.og/at2.uheWG/igi', 'https://randomuser.me/api/portraits/men/89.jpg', 'aeUWsjoVMJ', '2023-10-19 13:27:10', '2023-10-19 13:27:10'),
(71, 'Fausto', 'Ondricka', 0, 'araceli.gaylord@example.org', '2023-10-19 13:27:09', '$2y$10$92IXUNpkjO0rOQ5byMi.Ye4oKoEa3Ro9llC/.og/at2.uheWG/igi', 'https://randomuser.me/api/portraits/women/56.jpg', 'XfYnBGyt1K', '2023-10-19 13:27:10', '2023-10-19 13:27:10'),
(72, 'Carissa', 'Kassulke', 1, 'stiedemann.chet@example.com', '2023-10-19 13:27:09', '$2y$10$92IXUNpkjO0rOQ5byMi.Ye4oKoEa3Ro9llC/.og/at2.uheWG/igi', 'https://randomuser.me/api/portraits/men/25.jpg', 'jRPhM6FJRU', '2023-10-19 13:27:10', '2023-10-19 13:27:10'),
(73, 'Cleo', 'Quitzon', 0, 'keara.labadie@example.org', '2023-10-19 13:27:09', '$2y$10$92IXUNpkjO0rOQ5byMi.Ye4oKoEa3Ro9llC/.og/at2.uheWG/igi', 'https://randomuser.me/api/portraits/women/92.jpg', 'WOEWtdrj8k', '2023-10-19 13:27:10', '2023-10-19 13:27:10'),
(74, 'Justine', 'Wintheiser', 1, 'elvis92@example.net', '2023-10-19 13:27:09', '$2y$10$92IXUNpkjO0rOQ5byMi.Ye4oKoEa3Ro9llC/.og/at2.uheWG/igi', 'https://randomuser.me/api/portraits/women/55.jpg', 'wsWDvaHfG1', '2023-10-19 13:27:10', '2023-10-19 13:27:10'),
(75, 'Joannie', 'Ortiz', 1, 'tomas56@example.org', '2023-10-19 13:27:09', '$2y$10$92IXUNpkjO0rOQ5byMi.Ye4oKoEa3Ro9llC/.og/at2.uheWG/igi', 'https://randomuser.me/api/portraits/women/51.jpg', 'WCwDvupnod', '2023-10-19 13:27:10', '2023-10-19 13:27:10'),
(76, 'Elaina', 'Powlowski', 1, 'syble.wilderman@example.com', '2023-10-19 13:27:09', '$2y$10$92IXUNpkjO0rOQ5byMi.Ye4oKoEa3Ro9llC/.og/at2.uheWG/igi', 'https://randomuser.me/api/portraits/women/5.jpg', '082BcC0Y94', '2023-10-19 13:27:10', '2023-10-19 13:27:10'),
(77, 'Izaiah', 'Quitzon', 1, 'willms.mae@example.net', '2023-10-19 13:27:09', '$2y$10$92IXUNpkjO0rOQ5byMi.Ye4oKoEa3Ro9llC/.og/at2.uheWG/igi', 'https://randomuser.me/api/portraits/men/31.jpg', 'hRn0MYXCZn', '2023-10-19 13:27:10', '2023-10-19 13:27:10'),
(78, 'Rhiannon', 'Christiansen', 1, 'bergnaum.antonio@example.net', '2023-10-19 13:27:09', '$2y$10$92IXUNpkjO0rOQ5byMi.Ye4oKoEa3Ro9llC/.og/at2.uheWG/igi', 'https://randomuser.me/api/portraits/women/23.jpg', 'WbS3BGYS9d', '2023-10-19 13:27:10', '2023-10-19 13:27:10'),
(79, 'Noel', 'Lebsack', 1, 'mason.rutherford@example.org', '2023-10-19 13:27:09', '$2y$10$92IXUNpkjO0rOQ5byMi.Ye4oKoEa3Ro9llC/.og/at2.uheWG/igi', 'https://randomuser.me/api/portraits/men/64.jpg', 'ucusXYj93h', '2023-10-19 13:27:10', '2023-10-19 13:27:10'),
(80, 'Kenneth', 'Schuppe', 1, 'shanahan.kacey@example.org', '2023-10-19 13:27:09', '$2y$10$92IXUNpkjO0rOQ5byMi.Ye4oKoEa3Ro9llC/.og/at2.uheWG/igi', 'https://randomuser.me/api/portraits/women/17.jpg', 'H1kSvu2T03', '2023-10-19 13:27:10', '2023-10-19 13:27:10'),
(81, 'Bell', 'Nolan', 0, 'ignacio40@example.org', '2023-10-19 13:27:09', '$2y$10$92IXUNpkjO0rOQ5byMi.Ye4oKoEa3Ro9llC/.og/at2.uheWG/igi', 'https://randomuser.me/api/portraits/men/3.jpg', 'BbckEyhCmO', '2023-10-19 13:27:10', '2023-10-19 13:27:10'),
(82, 'Danika', 'Parker', 0, 'jamel.wyman@example.org', '2023-10-19 13:27:09', '$2y$10$92IXUNpkjO0rOQ5byMi.Ye4oKoEa3Ro9llC/.og/at2.uheWG/igi', 'https://randomuser.me/api/portraits/women/66.jpg', 'MdZNA3CVAb', '2023-10-19 13:27:10', '2023-10-19 13:27:10'),
(83, 'Shawna', 'Miller', 1, 'pierre.stroman@example.com', '2023-10-19 13:27:09', '$2y$10$92IXUNpkjO0rOQ5byMi.Ye4oKoEa3Ro9llC/.og/at2.uheWG/igi', 'https://randomuser.me/api/portraits/men/27.jpg', 'RBp3WNwVQI', '2023-10-19 13:27:10', '2023-10-19 13:27:10'),
(84, 'Laury', 'Ernser', 0, 'amcglynn@example.org', '2023-10-19 13:27:09', '$2y$10$92IXUNpkjO0rOQ5byMi.Ye4oKoEa3Ro9llC/.og/at2.uheWG/igi', 'https://randomuser.me/api/portraits/women/1.jpg', 'K55KV3stwC', '2023-10-19 13:27:10', '2023-10-19 13:27:10'),
(85, 'Margret', 'Jakubowski', 1, 'jayne23@example.com', '2023-10-19 13:27:09', '$2y$10$92IXUNpkjO0rOQ5byMi.Ye4oKoEa3Ro9llC/.og/at2.uheWG/igi', 'https://randomuser.me/api/portraits/men/49.jpg', 'P6yeuP9qUQ', '2023-10-19 13:27:10', '2023-10-19 13:27:10'),
(86, 'Stefan', 'Wiza', 1, 'aorn@example.com', '2023-10-19 13:27:09', '$2y$10$92IXUNpkjO0rOQ5byMi.Ye4oKoEa3Ro9llC/.og/at2.uheWG/igi', 'https://randomuser.me/api/portraits/men/24.jpg', 'sTW1yWA4Ar', '2023-10-19 13:27:10', '2023-10-19 13:27:10'),
(87, 'Reagan', 'Luettgen', 1, 'chadd.homenick@example.org', '2023-10-19 13:27:09', '$2y$10$92IXUNpkjO0rOQ5byMi.Ye4oKoEa3Ro9llC/.og/at2.uheWG/igi', 'https://randomuser.me/api/portraits/men/31.jpg', 'WMd3xBIuOa', '2023-10-19 13:27:10', '2023-10-19 13:27:10'),
(88, 'Winona', 'Bashirian', 0, 'goldner.anahi@example.org', '2023-10-19 13:27:09', '$2y$10$92IXUNpkjO0rOQ5byMi.Ye4oKoEa3Ro9llC/.og/at2.uheWG/igi', 'https://randomuser.me/api/portraits/women/48.jpg', 'DlmVVR3nan', '2023-10-19 13:27:10', '2023-10-19 13:27:10'),
(89, 'Myrtie', 'Simonis', 1, 'lafayette.eichmann@example.com', '2023-10-19 13:27:09', '$2y$10$92IXUNpkjO0rOQ5byMi.Ye4oKoEa3Ro9llC/.og/at2.uheWG/igi', 'https://randomuser.me/api/portraits/men/81.jpg', 'SzdoXOWt8W', '2023-10-19 13:27:10', '2023-10-19 13:27:10');
INSERT INTO `users` (`id`, `firstName`, `lastName`, `is_admin`, `email`, `email_verified_at`, `password`, `photo`, `remember_token`, `created_at`, `updated_at`) VALUES
(90, 'Magnus', 'Sanford', 1, 'athena.konopelski@example.org', '2023-10-19 13:27:09', '$2y$10$92IXUNpkjO0rOQ5byMi.Ye4oKoEa3Ro9llC/.og/at2.uheWG/igi', 'https://randomuser.me/api/portraits/women/24.jpg', 'bBxN2mUyuP', '2023-10-19 13:27:10', '2023-10-19 13:27:10'),
(91, 'Wilhelm', 'Towne', 1, 'kschmitt@example.net', '2023-10-19 13:27:09', '$2y$10$92IXUNpkjO0rOQ5byMi.Ye4oKoEa3Ro9llC/.og/at2.uheWG/igi', 'https://randomuser.me/api/portraits/women/7.jpg', 'mJHR5b1ICg', '2023-10-19 13:27:10', '2023-10-19 13:27:10'),
(92, 'Kevin', 'Pollich', 0, 'xmurray@example.net', '2023-10-19 13:27:09', '$2y$10$92IXUNpkjO0rOQ5byMi.Ye4oKoEa3Ro9llC/.og/at2.uheWG/igi', 'https://randomuser.me/api/portraits/women/75.jpg', 'ZjsHSLDEY8', '2023-10-19 13:27:10', '2023-10-19 13:27:10'),
(93, 'Katrine', 'Simonis', 1, 'maggie.davis@example.com', '2023-10-19 13:27:09', '$2y$10$92IXUNpkjO0rOQ5byMi.Ye4oKoEa3Ro9llC/.og/at2.uheWG/igi', 'https://randomuser.me/api/portraits/men/87.jpg', '9cxFR2r6Ao', '2023-10-19 13:27:10', '2023-10-19 13:27:10'),
(94, 'Gina', 'Medhurst', 1, 'ora.corwin@example.com', '2023-10-19 13:27:09', '$2y$10$92IXUNpkjO0rOQ5byMi.Ye4oKoEa3Ro9llC/.og/at2.uheWG/igi', 'https://randomuser.me/api/portraits/women/21.jpg', 'zNbdymX9SO', '2023-10-19 13:27:10', '2023-10-19 13:27:10'),
(95, 'Jeff', 'Kuhic', 0, 'jgorczany@example.org', '2023-10-19 13:27:09', '$2y$10$92IXUNpkjO0rOQ5byMi.Ye4oKoEa3Ro9llC/.og/at2.uheWG/igi', 'https://randomuser.me/api/portraits/women/21.jpg', 'THq2JfmzVn', '2023-10-19 13:27:10', '2023-10-19 13:27:10'),
(96, 'Levi', 'Beatty', 1, 'rruecker@example.net', '2023-10-19 13:27:09', '$2y$10$92IXUNpkjO0rOQ5byMi.Ye4oKoEa3Ro9llC/.og/at2.uheWG/igi', 'https://randomuser.me/api/portraits/men/94.jpg', '52TQwiC9Xw', '2023-10-19 13:27:10', '2023-10-19 13:27:10'),
(97, 'Amber', 'Gislason', 1, 'slynch@example.com', '2023-10-19 13:27:09', '$2y$10$92IXUNpkjO0rOQ5byMi.Ye4oKoEa3Ro9llC/.og/at2.uheWG/igi', 'https://randomuser.me/api/portraits/women/80.jpg', 'czoTy1EUkV', '2023-10-19 13:27:10', '2023-10-19 13:27:10'),
(98, 'Lloyd', 'Zulauf', 0, 'gerhold.jonathan@example.com', '2023-10-19 13:27:09', '$2y$10$92IXUNpkjO0rOQ5byMi.Ye4oKoEa3Ro9llC/.og/at2.uheWG/igi', 'https://randomuser.me/api/portraits/women/4.jpg', 'hjsXmPKU26', '2023-10-19 13:27:10', '2023-10-19 13:27:10'),
(99, 'Ova', 'Bogan', 0, 'emery78@example.org', '2023-10-19 13:27:09', '$2y$10$92IXUNpkjO0rOQ5byMi.Ye4oKoEa3Ro9llC/.og/at2.uheWG/igi', 'https://randomuser.me/api/portraits/women/73.jpg', 'XUF98kglqB', '2023-10-19 13:27:10', '2023-10-19 13:27:10'),
(100, 'Modesta', 'Heidenreich', 1, 'pagac.keeley@example.net', '2023-10-19 13:27:09', '$2y$10$92IXUNpkjO0rOQ5byMi.Ye4oKoEa3Ro9llC/.og/at2.uheWG/igi', 'https://randomuser.me/api/portraits/men/41.jpg', 'K5vdY9c4vZ', '2023-10-19 13:27:10', '2023-10-19 13:27:10');


/*!40101 SET SQL_MODE=@OLD_SQL_MODE */;
/*!40014 SET FOREIGN_KEY_CHECKS=@OLD_FOREIGN_KEY_CHECKS */;
/*!40014 SET UNIQUE_CHECKS=@OLD_UNIQUE_CHECKS */;
/*!40101 SET CHARACTER_SET_CLIENT=@OLD_CHARACTER_SET_CLIENT */;
/*!40101 SET CHARACTER_SET_RESULTS=@OLD_CHARACTER_SET_RESULTS */;
/*!40101 SET COLLATION_CONNECTION=@OLD_COLLATION_CONNECTION */;
/*!40111 SET SQL_NOTES=@OLD_SQL_NOTES */;